"","npts11","npts21","npts31","npts41","npts12","npts22","npts32","npts42","npts13","npts23","npts33","npts43","npts14","npts24","npts34","npts44","ntox11","ntox21","ntox31","ntox41","ntox12","ntox22","ntox32","ntox42","ntox13","ntox23","ntox33","ntox43","ntox14","ntox24","ntox34","ntox44","neff11","neff21","neff31","neff41","neff12","neff22","neff32","neff42","neff13","neff23","neff33","neff43","neff14","neff24","neff34","neff44","ppts11","ppts21","ppts31","ppts41","ppts12","ppts22","ppts32","ppts42","ppts13","ppts23","ppts33","ppts43","ppts14","ppts24","ppts34","ppts44","ptox11","ptox21","ptox31","ptox41","ptox12","ptox22","ptox32","ptox42","ptox13","ptox23","ptox33","ptox43","ptox14","ptox24","ptox34","ptox44","peff11","peff21","peff31","peff41","peff12","peff22","peff32","peff42","peff13","peff23","peff33","peff43","peff14","peff24","peff34","peff44","nct111","nct121","nct131","nct141","nct112","nct122","nct132","nct142","nct113","nct123","nct133","nct143","nct114","nct124","nct134","nct144","nct211","nct221","nct231","nct241","nct212","nct222","nct232","nct242","nct213","nct223","nct233","nct243","nct214","nct224","nct234","nct244","nct311","nct321","nct331","nct341","nct312","nct322","nct332","nct342","nct313","nct323","nct333","nct343","nct314","nct324","nct334","nct344","nct411","nct421","nct431","nct441","nct412","nct422","nct432","nct442","nct413","nct423","nct433","nct443","nct414","nct424","nct434","nct444","pct111","pct121","pct131","pct141","pct112","pct122","pct132","pct142","pct113","pct123","pct133","pct143","pct114","pct124","pct134","pct144","pct211","pct221","pct231","pct241","pct212","pct222","pct232","pct242","pct213","pct223","pct233","pct243","pct214","pct224","pct234","pct244","pct311","pct321","pct331","pct341","pct312","pct322","pct332","pct342","pct313","pct323","pct333","pct343","pct314","pct324","pct334","pct344","pct411","pct421","pct431","pct441","pct412","pct422","pct432","pct442","pct413","pct423","pct433","pct443","pct414","pct424","pct434","pct444"
"1",1,2,3,4,1,2,3,4,1,2,3,4,1,2,3,4,1,2,3,4,1,2,3,4,1,2,3,4,1,2,3,4,1,2,3,4,1,2,3,4,1,2,3,4,1,2,3,4,1,2,3,4,1,2,3,4,1,2,3,4,1,2,3,4,1,2,3,4,1,2,3,4,1,2,3,4,1,2,3,4,1,2,3,4,1,2,3,4,1,2,3,4,1,2,3,4,1,2,3,4,1,2,3,4,1,2,3,4,1,2,3,4,1,2,3,4,1,2,3,4,1,2,3,4,1,2,3,4,1,2,3,4,1,2,3,4,1,2,3,4,1,2,3,4,1,2,3,4,1,2,3,4,1,2,3,4,1,2,3,4,1,2,3,4,1,2,3,4,1,2,3,4,1,2,3,4,1,2,3,4,1,2,3,4,1,2,3,4,1,2,3,4,1,2,3,4,1,2,3,4,1,2,3,4,1,2,3,4,1,2,3,4,1,2,3,4,1,2,3,4,1,2,3,4
"2",1,1,1,1,2,2,2,2,3,3,3,3,4,4,4,4,1,1,1,1,2,2,2,2,3,3,3,3,4,4,4,4,1,1,1,1,2,2,2,2,3,3,3,3,4,4,4,4,1,1,1,1,2,2,2,2,3,3,3,3,4,4,4,4,1,1,1,1,2,2,2,2,3,3,3,3,4,4,4,4,1,1,1,1,2,2,2,2,3,3,3,3,4,4,4,4,1,1,1,1,2,2,2,2,3,3,3,3,4,4,4,4,1,1,1,1,2,2,2,2,3,3,3,3,4,4,4,4,1,1,1,1,2,2,2,2,3,3,3,3,4,4,4,4,1,1,1,1,2,2,2,2,3,3,3,3,4,4,4,4,1,1,1,1,2,2,2,2,3,3,3,3,4,4,4,4,1,1,1,1,2,2,2,2,3,3,3,3,4,4,4,4,1,1,1,1,2,2,2,2,3,3,3,3,4,4,4,4,1,1,1,1,2,2,2,2,3,3,3,3,4,4,4,4
"3",3,3,3,9,3,0,6,3,9,3,9,0,9,9,3,0,0,0,0,0,0,0,1,3,1,1,4,0,2,3,1,0,0,0,1,1,0,0,0,2,3,1,4,0,2,5,1,0,0.0416666666666667,0.0416666666666667,0.0416666666666667,0.125,0.0416666666666667,0,0.0833333333333333,0.0416666666666667,0.125,0.0416666666666667,0.125,0,0.125,0.125,0.0416666666666667,0,0,0,0,0,0,NA,0.166666666666667,1,0.111111111111111,0.333333333333333,0.444444444444444,NA,0.222222222222222,0.333333333333333,0.333333333333333,NA,0,0,0.333333333333333,0.111111111111111,0,NA,0,0.666666666666667,0.333333333333333,0.333333333333333,0.444444444444444,NA,0.222222222222222,0.555555555555556,0.333333333333333,NA,0,0,1,1,0,0,0,0,3,1,3,0,2,4,0,0,3,3,2,8,3,0,5,0,5,1,2,0,5,2,2,0,0,0,0,0,0,0,0,2,0,0,1,0,0,1,1,0,0,0,0,0,0,0,1,1,1,1,3,0,2,2,0,0,0,0,0.333333333333333,0.111111111111111,0,NA,0,0,0.333333333333333,0.333333333333333,0.333333333333333,NA,0.222222222222222,0.444444444444444,0,NA,1,1,0.666666666666667,0.888888888888889,1,NA,0.833333333333333,0,0.555555555555556,0.333333333333333,0.222222222222222,NA,0.555555555555556,0.222222222222222,0.666666666666667,NA,0,0,0,0,0,NA,0,0.666666666666667,0,0,0.111111111111111,NA,0,0.111111111111111,0.333333333333333,NA,0,0,0,0,0,NA,0.166666666666667,0.333333333333333,0.111111111111111,0.333333333333333,0.333333333333333,NA,0.222222222222222,0.222222222222222,0,NA
"4",3,3,3,9,0,3,9,3,3,3,6,0,9,9,3,0,0,0,1,0,0,0,2,2,0,0,2,0,2,2,3,0,0,1,1,5,0,0,3,1,0,1,1,0,4,3,3,0,0.0454545454545455,0.0454545454545455,0.0454545454545455,0.136363636363636,0,0.0454545454545455,0.136363636363636,0.0454545454545455,0.0454545454545455,0.0454545454545455,0.0909090909090909,0,0.136363636363636,0.136363636363636,0.0454545454545455,0,0,0,0.333333333333333,0,NA,0,0.222222222222222,0.666666666666667,0,0,0.333333333333333,NA,0.222222222222222,0.222222222222222,1,NA,0,0.333333333333333,0.333333333333333,0.555555555555556,NA,0,0.333333333333333,0.333333333333333,0,0.333333333333333,0.166666666666667,NA,0.444444444444444,0.333333333333333,1,NA,0,1,0,5,0,0,3,0,0,1,0,0,4,2,0,0,3,2,2,4,0,3,4,1,3,2,4,0,3,5,0,0,0,0,1,0,0,0,0,1,0,0,1,0,0,1,3,0,0,0,0,0,0,0,2,1,0,0,1,0,2,1,0,0,0,0.333333333333333,0,0.555555555555556,NA,0,0.333333333333333,0,0,0.333333333333333,0,NA,0.444444444444444,0.222222222222222,0,NA,1,0.666666666666667,0.666666666666667,0.444444444444444,NA,1,0.444444444444444,0.333333333333333,1,0.666666666666667,0.666666666666667,NA,0.333333333333333,0.555555555555556,0,NA,0,0,0.333333333333333,0,NA,0,0,0.333333333333333,0,0,0.166666666666667,NA,0,0.111111111111111,1,NA,0,0,0,0,NA,0,0.222222222222222,0.333333333333333,0,0,0.166666666666667,NA,0.222222222222222,0.111111111111111,0,NA
"5",3,3,3,6,0,0,3,9,3,9,9,0,9,3,0,0,0,0,1,1,0,0,0,2,0,1,2,0,0,2,0,0,0,0,0,2,0,0,0,9,0,5,5,0,3,3,0,0,0.05,0.05,0.05,0.1,0,0,0.05,0.15,0.05,0.15,0.15,0,0.15,0.05,0,0,0,0,0.333333333333333,0.166666666666667,NA,NA,0,0.222222222222222,0,0.111111111111111,0.222222222222222,NA,0,0.666666666666667,NA,NA,0,0,0,0.333333333333333,NA,NA,0,1,0,0.555555555555556,0.555555555555556,NA,0.333333333333333,1,NA,NA,0,0,0,2,0,0,0,7,0,5,3,0,3,1,0,0,3,3,2,3,0,0,3,0,3,3,4,0,6,0,0,0,0,0,0,0,0,0,0,2,0,0,2,0,0,2,0,0,0,0,1,1,0,0,0,0,0,1,0,0,0,0,0,0,0,0,0,0.333333333333333,NA,NA,0,0.777777777777778,0,0.555555555555556,0.333333333333333,NA,0.333333333333333,0.333333333333333,NA,NA,1,1,0.666666666666667,0.5,NA,NA,1,0,1,0.333333333333333,0.444444444444444,NA,0.666666666666667,0,NA,NA,0,0,0,0,NA,NA,0,0.222222222222222,0,0,0.222222222222222,NA,0,0.666666666666667,NA,NA,0,0,0.333333333333333,0.166666666666667,NA,NA,0,0,0,0.111111111111111,0,NA,0,0,NA,NA
"6",3,3,3,3,0,0,9,9,6,3,9,3,9,9,0,0,0,0,0,0,0,0,2,3,0,1,3,3,2,3,0,0,0,0,0,1,0,0,2,7,1,1,5,0,2,4,0,0,0.0434782608695652,0.0434782608695652,0.0434782608695652,0.0434782608695652,0,0,0.130434782608696,0.130434782608696,0.0869565217391304,0.0434782608695652,0.130434782608696,0.0434782608695652,0.130434782608696,0.130434782608696,0,0,0,0,0,0,NA,NA,0.222222222222222,0.333333333333333,0,0.333333333333333,0.333333333333333,1,0.222222222222222,0.333333333333333,NA,NA,0,0,0,0.333333333333333,NA,NA,0.222222222222222,0.777777777777778,0.166666666666667,0.333333333333333,0.555555555555556,0,0.222222222222222,0.444444444444444,NA,NA,0,0,0,1,0,0,2,5,1,1,3,0,2,3,0,0,3,3,3,2,0,0,5,1,5,1,3,0,5,3,0,0,0,0,0,0,0,0,0,2,0,0,2,0,0,1,0,0,0,0,0,0,0,0,2,1,0,1,1,3,2,2,0,0,0,0,0,0.333333333333333,NA,NA,0.222222222222222,0.555555555555556,0.166666666666667,0.333333333333333,0.333333333333333,0,0.222222222222222,0.333333333333333,NA,NA,1,1,1,0.666666666666667,NA,NA,0.555555555555556,0.111111111111111,0.833333333333333,0.333333333333333,0.333333333333333,0,0.555555555555556,0.333333333333333,NA,NA,0,0,0,0,NA,NA,0,0.222222222222222,0,0,0.222222222222222,0,0,0.111111111111111,NA,NA,0,0,0,0,NA,NA,0.222222222222222,0.111111111111111,0,0.333333333333333,0.111111111111111,1,0.222222222222222,0.222222222222222,NA,NA
"7",3,3,3,6,0,6,0,3,3,9,9,9,9,3,0,0,0,1,0,2,0,1,0,0,0,4,2,3,3,3,0,0,0,1,1,2,0,1,0,1,0,3,6,6,1,3,0,0,0.0454545454545455,0.0454545454545455,0.0454545454545455,0.0909090909090909,0,0.0909090909090909,0,0.0454545454545455,0.0454545454545455,0.136363636363636,0.136363636363636,0.136363636363636,0.136363636363636,0.0454545454545455,0,0,0,0.333333333333333,0,0.333333333333333,NA,0.166666666666667,NA,0,0,0.444444444444444,0.222222222222222,0.333333333333333,0.333333333333333,1,NA,NA,0,0.333333333333333,0.333333333333333,0.333333333333333,NA,0.166666666666667,NA,0.333333333333333,0,0.333333333333333,0.666666666666667,0.666666666666667,0.111111111111111,1,NA,NA,0,1,1,1,0,1,0,1,0,1,5,4,0,0,0,0,3,1,2,3,0,4,0,2,3,4,2,2,6,0,0,0,0,0,0,1,0,0,0,0,0,2,1,2,1,3,0,0,0,1,0,1,0,1,0,0,0,2,1,1,2,0,0,0,0,0.333333333333333,0.333333333333333,0.166666666666667,NA,0.166666666666667,NA,0.333333333333333,0,0.111111111111111,0.555555555555556,0.444444444444444,0,0,NA,NA,1,0.333333333333333,0.666666666666667,0.5,NA,0.666666666666667,NA,0.666666666666667,1,0.444444444444444,0.222222222222222,0.222222222222222,0.666666666666667,0,NA,NA,0,0,0,0.166666666666667,NA,0,NA,0,0,0.222222222222222,0.111111111111111,0.222222222222222,0.111111111111111,1,NA,NA,0,0.333333333333333,0,0.166666666666667,NA,0.166666666666667,NA,0,0,0.222222222222222,0.111111111111111,0.111111111111111,0.222222222222222,0,NA,NA
"8",3,3,3,3,0,0,3,9,3,3,9,3,9,9,0,0,0,0,0,0,0,0,0,1,0,0,1,3,2,2,0,0,0,1,1,0,0,0,0,6,0,0,6,1,2,6,0,0,0.05,0.05,0.05,0.05,0,0,0.05,0.15,0.05,0.05,0.15,0.05,0.15,0.15,0,0,0,0,0,0,NA,NA,0,0.111111111111111,0,0,0.111111111111111,1,0.222222222222222,0.222222222222222,NA,NA,0,0.333333333333333,0.333333333333333,0,NA,NA,0,0.666666666666667,0,0,0.666666666666667,0.333333333333333,0.222222222222222,0.666666666666667,NA,NA,0,1,1,0,0,0,0,6,0,0,6,0,1,5,0,0,3,2,2,3,0,0,3,2,3,3,2,0,6,2,0,0,0,0,0,0,0,0,0,0,0,0,0,1,1,1,0,0,0,0,0,0,0,0,0,1,0,0,1,2,1,1,0,0,0,0.333333333333333,0.333333333333333,0,NA,NA,0,0.666666666666667,0,0,0.666666666666667,0,0.111111111111111,0.555555555555556,NA,NA,1,0.666666666666667,0.666666666666667,1,NA,NA,1,0.222222222222222,1,1,0.222222222222222,0,0.666666666666667,0.222222222222222,NA,NA,0,0,0,0,NA,NA,0,0,0,0,0,0.333333333333333,0.111111111111111,0.111111111111111,NA,NA,0,0,0,0,NA,NA,0,0.111111111111111,0,0,0.111111111111111,0.666666666666667,0.111111111111111,0.111111111111111,NA,NA
"9",3,3,3,3,0,3,9,3,3,9,6,9,9,9,0,0,0,0,0,0,0,0,2,1,0,1,4,1,2,3,0,0,0,1,0,1,0,0,1,1,0,3,4,6,2,5,0,0,0.0416666666666667,0.0416666666666667,0.0416666666666667,0.0416666666666667,0,0.0416666666666667,0.125,0.0416666666666667,0.0416666666666667,0.125,0.0833333333333333,0.125,0.125,0.125,0,0,0,0,0,0,NA,0,0.222222222222222,0.333333333333333,0,0.111111111111111,0.666666666666667,0.111111111111111,0.222222222222222,0.333333333333333,NA,NA,0,0.333333333333333,0,0.333333333333333,NA,0,0.111111111111111,0.333333333333333,0,0.333333333333333,0.666666666666667,0.666666666666667,0.222222222222222,0.555555555555556,NA,NA,0,1,0,1,0,0,1,1,0,3,1,5,2,4,0,0,3,2,3,2,0,3,6,1,3,5,1,3,5,2,0,0,0,0,0,0,0,0,0,0,0,0,3,1,0,1,0,0,0,0,0,0,0,0,2,1,0,1,1,0,2,2,0,0,0,0.333333333333333,0,0.333333333333333,NA,0,0.111111111111111,0.333333333333333,0,0.333333333333333,0.166666666666667,0.555555555555556,0.222222222222222,0.444444444444444,NA,NA,1,0.666666666666667,1,0.666666666666667,NA,1,0.666666666666667,0.333333333333333,1,0.555555555555556,0.166666666666667,0.333333333333333,0.555555555555556,0.222222222222222,NA,NA,0,0,0,0,NA,0,0,0,0,0,0.5,0.111111111111111,0,0.111111111111111,NA,NA,0,0,0,0,NA,0,0.222222222222222,0.333333333333333,0,0.111111111111111,0.166666666666667,0,0.222222222222222,0.222222222222222,NA,NA
"10",3,3,3,9,0,3,9,6,3,9,6,9,6,3,0,0,0,0,0,1,0,0,0,3,1,0,3,4,1,3,0,0,0,0,1,4,0,0,4,3,0,1,4,8,1,3,0,0,0.0416666666666667,0.0416666666666667,0.0416666666666667,0.125,0,0.0416666666666667,0.125,0.0833333333333333,0.0416666666666667,0.125,0.0833333333333333,0.125,0.0833333333333333,0.0416666666666667,0,0,0,0,0,0.111111111111111,NA,0,0,0.5,0.333333333333333,0,0.5,0.444444444444444,0.166666666666667,1,NA,NA,0,0,0.333333333333333,0.444444444444444,NA,0,0.444444444444444,0.5,0,0.111111111111111,0.666666666666667,0.888888888888889,0.166666666666667,1,NA,NA,0,0,1,4,0,0,4,2,0,1,1,5,1,0,0,0,3,3,2,4,0,3,5,1,2,8,2,0,4,0,0,0,0,0,0,0,0,0,0,1,0,0,3,3,0,3,0,0,0,0,0,1,0,0,0,2,1,0,0,1,1,0,0,0,0,0,0.333333333333333,0.444444444444444,NA,0,0.444444444444444,0.333333333333333,0,0.111111111111111,0.166666666666667,0.555555555555556,0.166666666666667,0,NA,NA,1,1,0.666666666666667,0.444444444444444,NA,1,0.555555555555556,0.166666666666667,0.666666666666667,0.888888888888889,0.333333333333333,0,0.666666666666667,0,NA,NA,0,0,0,0,NA,0,0,0.166666666666667,0,0,0.5,0.333333333333333,0,1,NA,NA,0,0,0,0.111111111111111,NA,0,0,0.333333333333333,0.333333333333333,0,0,0.111111111111111,0.166666666666667,0,NA,NA
"11",3,3,9,0,0,3,0,0,3,9,0,0,9,0,0,0,0,0,0,0,0,0,0,0,1,0,0,0,0,0,0,0,0,0,5,0,0,1,0,0,1,5,0,0,2,0,0,0,0.0769230769230769,0.0769230769230769,0.230769230769231,0,0,0.0769230769230769,0,0,0.0769230769230769,0.230769230769231,0,0,0.230769230769231,0,0,0,0,0,0,NA,NA,0,NA,NA,0.333333333333333,0,NA,NA,0,NA,NA,NA,0,0,0.555555555555556,NA,NA,0.333333333333333,NA,NA,0.333333333333333,0.555555555555556,NA,NA,0.222222222222222,NA,NA,NA,0,0,5,0,0,1,0,0,1,5,0,0,2,0,0,0,3,3,4,0,0,2,0,0,1,4,0,0,7,0,0,0,0,0,0,0,0,0,0,0,0,0,0,0,0,0,0,0,0,0,0,0,0,0,0,0,1,0,0,0,0,0,0,0,0,0,0.555555555555556,NA,NA,0.333333333333333,NA,NA,0.333333333333333,0.555555555555556,NA,NA,0.222222222222222,NA,NA,NA,1,1,0.444444444444444,NA,NA,0.666666666666667,NA,NA,0.333333333333333,0.444444444444444,NA,NA,0.777777777777778,NA,NA,NA,0,0,0,NA,NA,0,NA,NA,0,0,NA,NA,0,NA,NA,NA,0,0,0,NA,NA,0,NA,NA,0.333333333333333,0,NA,NA,0,NA,NA,NA
"12",3,3,3,3,0,0,0,3,0,3,9,9,9,9,3,3,0,0,0,0,0,0,0,1,0,0,1,2,1,3,3,2,0,0,0,1,0,0,0,1,0,1,2,5,2,7,2,2,0.05,0.05,0.05,0.05,0,0,0,0.05,0,0.05,0.15,0.15,0.15,0.15,0.05,0.05,0,0,0,0,NA,NA,NA,0.333333333333333,NA,0,0.111111111111111,0.222222222222222,0.111111111111111,0.333333333333333,1,0.666666666666667,0,0,0,0.333333333333333,NA,NA,NA,0.333333333333333,NA,0.333333333333333,0.222222222222222,0.555555555555556,0.222222222222222,0.777777777777778,0.666666666666667,0.666666666666667,0,0,0,1,0,0,0,0,0,1,2,4,1,4,0,1,3,3,3,2,0,0,0,2,0,2,6,3,7,2,0,0,0,0,0,0,0,0,0,1,0,0,0,1,1,3,2,1,0,0,0,0,0,0,0,0,0,0,1,1,0,0,1,1,0,0,0,0.333333333333333,NA,NA,NA,0,NA,0.333333333333333,0.222222222222222,0.444444444444444,0.111111111111111,0.444444444444444,0,0.333333333333333,1,1,1,0.666666666666667,NA,NA,NA,0.666666666666667,NA,0.666666666666667,0.666666666666667,0.333333333333333,0.777777777777778,0.222222222222222,0,0,0,0,0,0,NA,NA,NA,0.333333333333333,NA,0,0,0.111111111111111,0.111111111111111,0.333333333333333,0.666666666666667,0.333333333333333,0,0,0,0,NA,NA,NA,0,NA,0,0.111111111111111,0.111111111111111,0,0,0.333333333333333,0.333333333333333
"13",3,3,3,3,0,3,9,9,6,9,6,0,9,9,0,0,0,0,0,0,0,0,0,3,0,1,4,0,2,2,0,0,0,1,0,0,0,0,1,7,3,4,4,0,2,8,0,0,0.0416666666666667,0.0416666666666667,0.0416666666666667,0.0416666666666667,0,0.0416666666666667,0.125,0.125,0.0833333333333333,0.125,0.0833333333333333,0,0.125,0.125,0,0,0,0,0,0,NA,0,0,0.333333333333333,0,0.111111111111111,0.666666666666667,NA,0.222222222222222,0.222222222222222,NA,NA,0,0.333333333333333,0,0,NA,0,0.111111111111111,0.777777777777778,0.5,0.444444444444444,0.666666666666667,NA,0.222222222222222,0.888888888888889,NA,NA,0,1,0,0,0,0,1,4,3,3,2,0,2,6,0,0,3,2,3,3,0,3,8,2,3,5,0,0,5,1,0,0,0,0,0,0,0,0,0,3,0,1,2,0,0,2,0,0,0,0,0,0,0,0,0,0,0,0,2,0,2,0,0,0,0,0.333333333333333,0,0,NA,0,0.111111111111111,0.444444444444444,0.5,0.333333333333333,0.333333333333333,NA,0.222222222222222,0.666666666666667,NA,NA,1,0.666666666666667,1,1,NA,1,0.888888888888889,0.222222222222222,0.5,0.555555555555556,0,NA,0.555555555555556,0.111111111111111,NA,NA,0,0,0,0,NA,0,0,0.333333333333333,0,0.111111111111111,0.333333333333333,NA,0,0.222222222222222,NA,NA,0,0,0,0,NA,0,0,0,0,0,0.333333333333333,NA,0.222222222222222,0,NA,NA
"14",3,3,6,9,3,0,3,9,9,3,9,3,3,9,0,0,0,0,0,1,0,0,0,3,2,1,3,3,1,1,0,0,0,0,2,2,0,0,1,4,0,0,7,3,0,7,0,0,0.0416666666666667,0.0416666666666667,0.0833333333333333,0.125,0.0416666666666667,0,0.0416666666666667,0.125,0.125,0.0416666666666667,0.125,0.0416666666666667,0.0416666666666667,0.125,0,0,0,0,0,0.111111111111111,0,NA,0,0.333333333333333,0.222222222222222,0.333333333333333,0.333333333333333,1,0.333333333333333,0.111111111111111,NA,NA,0,0,0.333333333333333,0.222222222222222,0,NA,0.333333333333333,0.444444444444444,0,0,0.777777777777778,1,0,0.777777777777778,NA,NA,0,0,2,1,0,0,1,4,0,0,6,0,0,7,0,0,3,3,4,7,3,0,2,2,7,2,0,0,2,1,0,0,0,0,0,1,0,0,0,0,0,0,1,3,0,0,0,0,0,0,0,0,0,0,0,3,2,1,2,0,1,1,0,0,0,0,0.333333333333333,0.111111111111111,0,NA,0.333333333333333,0.444444444444444,0,0,0.666666666666667,0,0,0.777777777777778,NA,NA,1,1,0.666666666666667,0.777777777777778,1,NA,0.666666666666667,0.222222222222222,0.777777777777778,0.666666666666667,0,0,0.666666666666667,0.111111111111111,NA,NA,0,0,0,0.111111111111111,0,NA,0,0,0,0,0.111111111111111,1,0,0,NA,NA,0,0,0,0,0,NA,0,0.333333333333333,0.222222222222222,0.333333333333333,0.222222222222222,0,0.333333333333333,0.111111111111111,NA,NA
"15",3,3,3,6,0,0,3,9,3,9,9,0,9,6,0,0,0,0,0,1,0,0,0,4,1,1,3,0,1,4,0,0,0,1,0,1,0,0,1,6,0,2,8,0,4,5,0,0,0.0476190476190476,0.0476190476190476,0.0476190476190476,0.0952380952380952,0,0,0.0476190476190476,0.142857142857143,0.0476190476190476,0.142857142857143,0.142857142857143,0,0.142857142857143,0.0952380952380952,0,0,0,0,0,0.166666666666667,NA,NA,0,0.444444444444444,0.333333333333333,0.111111111111111,0.333333333333333,NA,0.111111111111111,0.666666666666667,NA,NA,0,0.333333333333333,0,0.166666666666667,NA,NA,0.333333333333333,0.666666666666667,0,0.222222222222222,0.888888888888889,NA,0.444444444444444,0.833333333333333,NA,NA,0,1,0,1,0,0,1,4,0,1,5,0,4,2,0,0,3,2,3,4,0,0,2,1,2,7,1,0,4,0,0,0,0,0,0,0,0,0,0,2,0,1,3,0,0,3,0,0,0,0,0,1,0,0,0,2,1,0,0,0,1,1,0,0,0,0.333333333333333,0,0.166666666666667,NA,NA,0.333333333333333,0.444444444444444,0,0.111111111111111,0.555555555555556,NA,0.444444444444444,0.333333333333333,NA,NA,1,0.666666666666667,1,0.666666666666667,NA,NA,0.666666666666667,0.111111111111111,0.666666666666667,0.777777777777778,0.111111111111111,NA,0.444444444444444,0,NA,NA,0,0,0,0,NA,NA,0,0.222222222222222,0,0.111111111111111,0.333333333333333,NA,0,0.5,NA,NA,0,0,0,0.166666666666667,NA,NA,0,0.222222222222222,0.333333333333333,0,0,NA,0.111111111111111,0.166666666666667,NA,NA
"16",3,3,9,9,0,0,3,3,6,9,9,0,9,6,3,0,0,0,0,1,0,0,0,3,1,1,3,0,1,4,1,0,0,0,3,4,0,0,1,1,2,1,5,0,2,4,1,0,0.0416666666666667,0.0416666666666667,0.125,0.125,0,0,0.0416666666666667,0.0416666666666667,0.0833333333333333,0.125,0.125,0,0.125,0.0833333333333333,0.0416666666666667,0,0,0,0,0.111111111111111,NA,NA,0,1,0.166666666666667,0.111111111111111,0.333333333333333,NA,0.111111111111111,0.666666666666667,0.333333333333333,NA,0,0,0.333333333333333,0.444444444444444,NA,NA,0.333333333333333,0.333333333333333,0.333333333333333,0.111111111111111,0.555555555555556,NA,0.222222222222222,0.666666666666667,0.333333333333333,NA,0,0,3,3,0,0,1,0,1,1,3,0,2,1,1,0,3,3,6,5,0,0,2,0,4,7,3,0,6,1,1,0,0,0,0,1,0,0,0,1,1,0,2,0,0,3,0,0,0,0,0,0,0,0,0,2,0,1,1,0,1,1,1,0,0,0,0.333333333333333,0.333333333333333,NA,NA,0.333333333333333,0,0.166666666666667,0.111111111111111,0.333333333333333,NA,0.222222222222222,0.166666666666667,0.333333333333333,NA,1,1,0.666666666666667,0.555555555555556,NA,NA,0.666666666666667,0,0.666666666666667,0.777777777777778,0.333333333333333,NA,0.666666666666667,0.166666666666667,0.333333333333333,NA,0,0,0,0.111111111111111,NA,NA,0,0.333333333333333,0.166666666666667,0,0.222222222222222,NA,0,0.5,0,NA,0,0,0,0,NA,NA,0,0.666666666666667,0,0.111111111111111,0.111111111111111,NA,0.111111111111111,0.166666666666667,0.333333333333333,NA
"17",3,3,3,3,0,0,3,9,0,9,9,9,0,9,6,6,0,1,1,0,0,0,0,3,0,1,1,3,0,2,3,4,0,0,0,0,0,0,0,5,0,3,4,2,0,8,4,5,0.0416666666666667,0.0416666666666667,0.0416666666666667,0.0416666666666667,0,0,0.0416666666666667,0.125,0,0.125,0.125,0.125,0,0.125,0.0833333333333333,0.0833333333333333,0,0.333333333333333,0.333333333333333,0,NA,NA,0,0.333333333333333,NA,0.111111111111111,0.111111111111111,0.333333333333333,NA,0.222222222222222,0.5,0.666666666666667,0,0,0,0,NA,NA,0,0.555555555555556,NA,0.333333333333333,0.444444444444444,0.222222222222222,NA,0.888888888888889,0.666666666666667,0.833333333333333,0,0,0,0,0,0,0,5,0,2,4,1,0,6,1,2,3,2,2,3,0,0,3,1,0,6,4,5,0,1,2,0,0,0,0,0,0,0,0,0,0,1,0,1,0,2,3,3,0,1,1,0,0,0,0,3,0,0,1,2,0,0,0,1,0,0,0,0,NA,NA,0,0.555555555555556,NA,0.222222222222222,0.444444444444444,0.111111111111111,NA,0.666666666666667,0.166666666666667,0.333333333333333,1,0.666666666666667,0.666666666666667,1,NA,NA,1,0.111111111111111,NA,0.666666666666667,0.444444444444444,0.555555555555556,NA,0.111111111111111,0.333333333333333,0,0,0,0,0,NA,NA,0,0,NA,0.111111111111111,0,0.111111111111111,NA,0.222222222222222,0.5,0.5,0,0.333333333333333,0.333333333333333,0,NA,NA,0,0.333333333333333,NA,0,0.111111111111111,0.222222222222222,NA,0,0,0.166666666666667
"18",3,6,6,3,0,0,3,9,3,9,9,0,9,3,6,0,0,0,2,0,0,0,0,2,1,3,1,0,2,2,3,0,0,2,0,1,0,0,0,6,0,1,4,0,4,2,4,0,0.0434782608695652,0.0869565217391304,0.0869565217391304,0.0434782608695652,0,0,0.0434782608695652,0.130434782608696,0.0434782608695652,0.130434782608696,0.130434782608696,0,0.130434782608696,0.0434782608695652,0.0869565217391304,0,0,0,0.333333333333333,0,NA,NA,0,0.222222222222222,0.333333333333333,0.333333333333333,0.111111111111111,NA,0.222222222222222,0.666666666666667,0.5,NA,0,0.333333333333333,0,0.333333333333333,NA,NA,0,0.666666666666667,0,0.111111111111111,0.444444444444444,NA,0.444444444444444,0.666666666666667,0.666666666666667,NA,0,2,0,1,0,0,0,5,0,1,3,0,3,1,2,0,3,4,4,2,0,0,3,2,2,5,5,0,4,0,1,0,0,0,0,0,0,0,0,1,0,0,1,0,1,1,2,0,0,0,2,0,0,0,0,1,1,3,0,0,1,1,1,0,0,0.333333333333333,0,0.333333333333333,NA,NA,0,0.555555555555556,0,0.111111111111111,0.333333333333333,NA,0.333333333333333,0.333333333333333,0.333333333333333,NA,1,0.666666666666667,0.666666666666667,0.666666666666667,NA,NA,1,0.222222222222222,0.666666666666667,0.555555555555556,0.555555555555556,NA,0.444444444444444,0,0.166666666666667,NA,0,0,0,0,NA,NA,0,0.111111111111111,0,0,0.111111111111111,NA,0.111111111111111,0.333333333333333,0.333333333333333,NA,0,0,0.333333333333333,0,NA,NA,0,0.111111111111111,0.333333333333333,0.333333333333333,0,NA,0.111111111111111,0.333333333333333,0.166666666666667,NA
"19",3,3,3,3,0,0,0,3,3,3,9,9,9,9,0,0,0,0,0,0,0,0,0,1,0,0,2,3,2,3,0,0,0,0,0,1,0,0,0,1,0,0,5,7,1,6,0,0,0.0526315789473684,0.0526315789473684,0.0526315789473684,0.0526315789473684,0,0,0,0.0526315789473684,0.0526315789473684,0.0526315789473684,0.157894736842105,0.157894736842105,0.157894736842105,0.157894736842105,0,0,0,0,0,0,NA,NA,NA,0.333333333333333,0,0,0.222222222222222,0.333333333333333,0.222222222222222,0.333333333333333,NA,NA,0,0,0,0.333333333333333,NA,NA,NA,0.333333333333333,0,0,0.555555555555556,0.777777777777778,0.111111111111111,0.666666666666667,NA,NA,0,0,0,1,0,0,0,1,0,0,4,5,0,4,0,0,3,3,3,2,0,0,0,1,3,3,3,1,7,2,0,0,0,0,0,0,0,0,0,0,0,0,1,2,1,2,0,0,0,0,0,0,0,0,0,1,0,0,1,1,1,1,0,0,0,0,0,0.333333333333333,NA,NA,NA,0.333333333333333,0,0,0.444444444444444,0.555555555555556,0,0.444444444444444,NA,NA,1,1,1,0.666666666666667,NA,NA,NA,0.333333333333333,1,1,0.333333333333333,0.111111111111111,0.777777777777778,0.222222222222222,NA,NA,0,0,0,0,NA,NA,NA,0,0,0,0.111111111111111,0.222222222222222,0.111111111111111,0.222222222222222,NA,NA,0,0,0,0,NA,NA,NA,0.333333333333333,0,0,0.111111111111111,0.111111111111111,0.111111111111111,0.111111111111111,NA,NA
"20",3,3,3,3,3,6,3,9,9,9,9,0,9,3,0,0,0,0,1,1,1,0,0,3,1,2,2,0,2,2,0,0,0,0,0,1,0,2,0,6,2,0,7,0,1,1,0,0,0.0416666666666667,0.0416666666666667,0.0416666666666667,0.0416666666666667,0.0416666666666667,0.0833333333333333,0.0416666666666667,0.125,0.125,0.125,0.125,0,0.125,0.0416666666666667,0,0,0,0,0.333333333333333,0.333333333333333,0.333333333333333,0,0,0.333333333333333,0.111111111111111,0.222222222222222,0.222222222222222,NA,0.222222222222222,0.666666666666667,NA,NA,0,0,0,0.333333333333333,0,0.333333333333333,0,0.666666666666667,0.222222222222222,0,0.777777777777778,NA,0.111111111111111,0.333333333333333,NA,NA,0,0,0,0,0,2,0,4,2,0,7,0,1,0,0,0,3,3,2,2,2,4,3,2,6,7,0,0,6,1,0,0,0,0,0,1,0,0,0,2,0,0,0,0,0,1,0,0,0,0,1,0,1,0,0,1,1,2,2,0,2,1,0,0,0,0,0,0,0,0.333333333333333,0,0.444444444444444,0.222222222222222,0,0.777777777777778,NA,0.111111111111111,0,NA,NA,1,1,0.666666666666667,0.666666666666667,0.666666666666667,0.666666666666667,1,0.222222222222222,0.666666666666667,0.777777777777778,0,NA,0.666666666666667,0.333333333333333,NA,NA,0,0,0,0.333333333333333,0,0,0,0.222222222222222,0,0,0,NA,0,0.333333333333333,NA,NA,0,0,0.333333333333333,0,0.333333333333333,0,0,0.111111111111111,0.111111111111111,0.222222222222222,0.222222222222222,NA,0.222222222222222,0.333333333333333,NA,NA
"21",3,3,9,6,3,9,0,3,9,9,0,0,9,6,0,0,0,0,0,1,0,1,0,2,0,4,0,0,3,3,0,0,0,0,5,2,0,3,0,1,3,4,0,0,2,5,0,0,0.0434782608695652,0.0434782608695652,0.130434782608696,0.0869565217391304,0.0434782608695652,0.130434782608696,0,0.0434782608695652,0.130434782608696,0.130434782608696,0,0,0.130434782608696,0.0869565217391304,0,0,0,0,0,0.166666666666667,0,0.111111111111111,NA,0.666666666666667,0,0.444444444444444,NA,NA,0.333333333333333,0.5,NA,NA,0,0,0.555555555555556,0.333333333333333,0,0.333333333333333,NA,0.333333333333333,0.333333333333333,0.444444444444444,NA,NA,0.222222222222222,0.833333333333333,NA,NA,0,0,5,2,0,3,0,0,3,1,0,0,0,2,0,0,3,3,4,3,3,5,0,1,6,4,0,0,6,1,0,0,0,0,0,0,0,0,0,1,0,3,0,0,2,3,0,0,0,0,0,1,0,1,0,1,0,1,0,0,1,0,0,0,0,0,0.555555555555556,0.333333333333333,0,0.333333333333333,NA,0,0.333333333333333,0.111111111111111,NA,NA,0,0.333333333333333,NA,NA,1,1,0.444444444444444,0.5,1,0.555555555555556,NA,0.333333333333333,0.666666666666667,0.444444444444444,NA,NA,0.666666666666667,0.166666666666667,NA,NA,0,0,0,0,0,0,NA,0.333333333333333,0,0.333333333333333,NA,NA,0.222222222222222,0.5,NA,NA,0,0,0,0.166666666666667,0,0.111111111111111,NA,0.333333333333333,0,0.111111111111111,NA,NA,0.111111111111111,0,NA,NA
"22",3,6,9,9,0,3,9,9,0,3,9,6,0,6,0,0,1,0,1,2,0,1,0,5,0,1,5,3,0,2,0,0,0,2,2,1,0,1,3,4,0,1,7,5,0,2,0,0,0.0416666666666667,0.0833333333333333,0.125,0.125,0,0.0416666666666667,0.125,0.125,0,0.0416666666666667,0.125,0.0833333333333333,0,0.0833333333333333,0,0,0.333333333333333,0,0.111111111111111,0.222222222222222,NA,0.333333333333333,0,0.555555555555556,NA,0.333333333333333,0.555555555555556,0.5,NA,0.333333333333333,NA,NA,0,0.333333333333333,0.222222222222222,0.111111111111111,NA,0.333333333333333,0.333333333333333,0.444444444444444,NA,0.333333333333333,0.777777777777778,0.833333333333333,NA,0.333333333333333,NA,NA,0,2,1,1,0,0,3,1,0,0,3,2,0,1,0,0,2,4,7,6,0,2,6,3,0,2,1,1,0,3,0,0,0,0,1,0,0,1,0,3,0,1,4,3,0,1,0,0,1,0,0,2,0,0,0,2,0,0,1,0,0,1,0,0,0,0.333333333333333,0.111111111111111,0.111111111111111,NA,0,0.333333333333333,0.111111111111111,NA,0,0.333333333333333,0.333333333333333,NA,0.166666666666667,NA,NA,0.666666666666667,0.666666666666667,0.777777777777778,0.666666666666667,NA,0.666666666666667,0.666666666666667,0.333333333333333,NA,0.666666666666667,0.111111111111111,0.166666666666667,NA,0.5,NA,NA,0,0,0.111111111111111,0,NA,0.333333333333333,0,0.333333333333333,NA,0.333333333333333,0.444444444444444,0.5,NA,0.166666666666667,NA,NA,0.333333333333333,0,0,0.222222222222222,NA,0,0,0.222222222222222,NA,0,0.111111111111111,0,NA,0.166666666666667,NA,NA
"23",3,3,3,9,0,3,9,6,0,9,6,0,9,9,0,0,0,0,0,1,0,0,1,4,0,0,3,0,0,2,0,0,0,1,0,4,0,1,3,5,0,4,4,0,1,5,0,0,0.0434782608695652,0.0434782608695652,0.0434782608695652,0.130434782608696,0,0.0434782608695652,0.130434782608696,0.0869565217391304,0,0.130434782608696,0.0869565217391304,0,0.130434782608696,0.130434782608696,0,0,0,0,0,0.111111111111111,NA,0,0.111111111111111,0.666666666666667,NA,0,0.5,NA,0,0.222222222222222,NA,NA,0,0.333333333333333,0,0.444444444444444,NA,0.333333333333333,0.333333333333333,0.833333333333333,NA,0.444444444444444,0.666666666666667,NA,0.111111111111111,0.555555555555556,NA,NA,0,1,0,4,0,1,2,1,0,4,2,0,1,4,0,0,3,2,3,4,0,2,6,1,0,5,1,0,8,3,0,0,0,0,0,0,0,0,1,4,0,0,2,0,0,1,0,0,0,0,0,1,0,0,0,0,0,0,1,0,0,1,0,0,0,0.333333333333333,0,0.444444444444444,NA,0.333333333333333,0.222222222222222,0.166666666666667,NA,0.444444444444444,0.333333333333333,NA,0.111111111111111,0.444444444444444,NA,NA,1,0.666666666666667,1,0.444444444444444,NA,0.666666666666667,0.666666666666667,0.166666666666667,NA,0.555555555555556,0.166666666666667,NA,0.888888888888889,0.333333333333333,NA,NA,0,0,0,0,NA,0,0.111111111111111,0.666666666666667,NA,0,0.333333333333333,NA,0,0.111111111111111,NA,NA,0,0,0,0.111111111111111,NA,0,0,0,NA,0,0.166666666666667,NA,0,0.111111111111111,NA,NA
"24",3,3,3,9,0,3,9,3,3,6,9,0,6,9,6,0,0,0,0,0,0,0,2,3,0,2,4,0,1,4,3,0,0,0,1,5,0,1,2,1,1,2,2,0,2,3,3,0,0.0416666666666667,0.0416666666666667,0.0416666666666667,0.125,0,0.0416666666666667,0.125,0.0416666666666667,0.0416666666666667,0.0833333333333333,0.125,0,0.0833333333333333,0.125,0.0833333333333333,0,0,0,0,0,NA,0,0.222222222222222,1,0,0.333333333333333,0.444444444444444,NA,0.166666666666667,0.444444444444444,0.5,NA,0,0,0.333333333333333,0.555555555555556,NA,0.333333333333333,0.222222222222222,0.333333333333333,0.333333333333333,0.333333333333333,0.222222222222222,NA,0.333333333333333,0.333333333333333,0.5,NA,0,0,1,5,0,1,2,0,1,1,1,0,1,1,1,0,3,3,2,4,0,2,5,0,2,3,4,0,4,4,2,0,0,0,0,0,0,0,0,1,0,1,1,0,1,2,2,0,0,0,0,0,0,0,2,2,0,1,3,0,0,2,1,0,0,0,0.333333333333333,0.555555555555556,NA,0.333333333333333,0.222222222222222,0,0.333333333333333,0.166666666666667,0.111111111111111,NA,0.166666666666667,0.111111111111111,0.166666666666667,NA,1,1,0.666666666666667,0.444444444444444,NA,0.666666666666667,0.555555555555556,0,0.666666666666667,0.5,0.444444444444444,NA,0.666666666666667,0.444444444444444,0.333333333333333,NA,0,0,0,0,NA,0,0,0.333333333333333,0,0.166666666666667,0.111111111111111,NA,0.166666666666667,0.222222222222222,0.333333333333333,NA,0,0,0,0,NA,0,0.222222222222222,0.666666666666667,0,0.166666666666667,0.333333333333333,NA,0,0.222222222222222,0.166666666666667,NA
"25",3,3,3,6,0,0,6,9,0,3,9,3,9,9,0,0,0,0,0,0,0,0,0,3,0,0,4,2,1,2,0,0,0,0,0,2,0,0,2,6,0,1,7,2,1,5,0,0,0.0476190476190476,0.0476190476190476,0.0476190476190476,0.0952380952380952,0,0,0.0952380952380952,0.142857142857143,0,0.0476190476190476,0.142857142857143,0.0476190476190476,0.142857142857143,0.142857142857143,0,0,0,0,0,0,NA,NA,0,0.333333333333333,NA,0,0.444444444444444,0.666666666666667,0.111111111111111,0.222222222222222,NA,NA,0,0,0,0.333333333333333,NA,NA,0.333333333333333,0.666666666666667,NA,0.333333333333333,0.777777777777778,0.666666666666667,0.111111111111111,0.555555555555556,NA,NA,0,0,0,2,0,0,2,3,0,1,4,1,1,4,0,0,3,3,3,4,0,0,4,3,0,2,1,0,7,3,0,0,0,0,0,0,0,0,0,3,0,0,3,1,0,1,0,0,0,0,0,0,0,0,0,0,0,0,1,1,1,1,0,0,0,0,0,0.333333333333333,NA,NA,0.333333333333333,0.333333333333333,NA,0.333333333333333,0.444444444444444,0.333333333333333,0.111111111111111,0.444444444444444,NA,NA,1,1,1,0.666666666666667,NA,NA,0.666666666666667,0.333333333333333,NA,0.666666666666667,0.111111111111111,0,0.777777777777778,0.333333333333333,NA,NA,0,0,0,0,NA,NA,0,0.333333333333333,NA,0,0.333333333333333,0.333333333333333,0,0.111111111111111,NA,NA,0,0,0,0,NA,NA,0,0,NA,0,0.111111111111111,0.333333333333333,0.111111111111111,0.111111111111111,NA,NA
"26",3,3,3,9,0,0,3,9,0,3,9,0,9,9,0,0,0,0,0,0,0,0,0,4,0,0,3,0,0,3,0,0,0,1,1,2,0,0,1,5,0,0,6,0,2,5,0,0,0.05,0.05,0.05,0.15,0,0,0.05,0.15,0,0.05,0.15,0,0.15,0.15,0,0,0,0,0,0,NA,NA,0,0.444444444444444,NA,0,0.333333333333333,NA,0,0.333333333333333,NA,NA,0,0.333333333333333,0.333333333333333,0.222222222222222,NA,NA,0.333333333333333,0.555555555555556,NA,0,0.666666666666667,NA,0.222222222222222,0.555555555555556,NA,NA,0,1,1,2,0,0,1,3,0,0,4,0,2,2,0,0,3,2,2,7,0,0,2,2,0,3,2,0,7,4,0,0,0,0,0,0,0,0,0,2,0,0,2,0,0,3,0,0,0,0,0,0,0,0,0,2,0,0,1,0,0,0,0,0,0,0.333333333333333,0.333333333333333,0.222222222222222,NA,NA,0.333333333333333,0.333333333333333,NA,0,0.444444444444444,NA,0.222222222222222,0.222222222222222,NA,NA,1,0.666666666666667,0.666666666666667,0.777777777777778,NA,NA,0.666666666666667,0.222222222222222,NA,1,0.222222222222222,NA,0.777777777777778,0.444444444444444,NA,NA,0,0,0,0,NA,NA,0,0.222222222222222,NA,0,0.222222222222222,NA,0,0.333333333333333,NA,NA,0,0,0,0,NA,NA,0,0.222222222222222,NA,0,0.111111111111111,NA,0,0,NA,NA
"27",3,3,9,6,0,0,9,9,3,9,9,0,6,3,3,0,0,0,1,0,0,0,1,2,0,2,4,0,1,2,2,0,0,0,3,2,0,0,4,7,1,2,4,0,0,2,3,0,0.0416666666666667,0.0416666666666667,0.125,0.0833333333333333,0,0,0.125,0.125,0.0416666666666667,0.125,0.125,0,0.0833333333333333,0.0416666666666667,0.0416666666666667,0,0,0,0.111111111111111,0,NA,NA,0.111111111111111,0.222222222222222,0,0.222222222222222,0.444444444444444,NA,0.166666666666667,0.666666666666667,0.666666666666667,NA,0,0,0.333333333333333,0.333333333333333,NA,NA,0.444444444444444,0.777777777777778,0.333333333333333,0.222222222222222,0.444444444444444,NA,0,0.666666666666667,1,NA,0,0,2,2,0,0,3,5,1,1,4,0,0,1,1,0,3,3,6,4,0,0,5,2,2,6,1,0,5,0,0,0,0,0,1,0,0,0,1,2,0,1,0,0,0,1,2,0,0,0,0,0,0,0,0,0,0,1,4,0,1,1,0,0,0,0,0.222222222222222,0.333333333333333,NA,NA,0.333333333333333,0.555555555555556,0.333333333333333,0.111111111111111,0.444444444444444,NA,0,0.333333333333333,0.333333333333333,NA,1,1,0.666666666666667,0.666666666666667,NA,NA,0.555555555555556,0.222222222222222,0.666666666666667,0.666666666666667,0.111111111111111,NA,0.833333333333333,0,0,NA,0,0,0.111111111111111,0,NA,NA,0.111111111111111,0.222222222222222,0,0.111111111111111,0,NA,0,0.333333333333333,0.666666666666667,NA,0,0,0,0,NA,NA,0,0,0,0.111111111111111,0.444444444444444,NA,0.166666666666667,0.333333333333333,0,NA
"28",3,3,6,9,0,3,9,9,0,3,3,0,9,9,0,0,0,0,0,0,0,1,0,5,0,0,2,0,1,3,0,0,1,1,2,1,0,0,4,6,0,0,1,0,3,8,0,0,0.0454545454545455,0.0454545454545455,0.0909090909090909,0.136363636363636,0,0.0454545454545455,0.136363636363636,0.136363636363636,0,0.0454545454545455,0.0454545454545455,0,0.136363636363636,0.136363636363636,0,0,0,0,0,0,NA,0.333333333333333,0,0.555555555555556,NA,0,0.666666666666667,NA,0.111111111111111,0.333333333333333,NA,NA,0.333333333333333,0.333333333333333,0.333333333333333,0.111111111111111,NA,0,0.444444444444444,0.666666666666667,NA,0,0.333333333333333,NA,0.333333333333333,0.888888888888889,NA,NA,1,1,2,1,0,0,4,2,0,0,0,0,3,5,0,0,2,2,4,8,0,2,5,2,0,3,1,0,5,1,0,0,0,0,0,0,0,0,0,4,0,0,1,0,0,3,0,0,0,0,0,0,0,1,0,1,0,0,1,0,1,0,0,0,0.333333333333333,0.333333333333333,0.333333333333333,0.111111111111111,NA,0,0.444444444444444,0.222222222222222,NA,0,0,NA,0.333333333333333,0.555555555555556,NA,NA,0.666666666666667,0.666666666666667,0.666666666666667,0.888888888888889,NA,0.666666666666667,0.555555555555556,0.222222222222222,NA,1,0.333333333333333,NA,0.555555555555556,0.111111111111111,NA,NA,0,0,0,0,NA,0,0,0.444444444444444,NA,0,0.333333333333333,NA,0,0.333333333333333,NA,NA,0,0,0,0,NA,0.333333333333333,0,0.111111111111111,NA,0,0.333333333333333,NA,0.111111111111111,0,NA,NA
"29",3,3,6,9,0,0,3,6,9,3,9,0,3,9,0,0,0,0,0,2,0,0,1,4,2,1,1,0,1,0,0,0,0,0,2,2,0,0,0,5,2,1,6,0,1,7,0,0,0.0476190476190476,0.0476190476190476,0.0952380952380952,0.142857142857143,0,0,0.0476190476190476,0.0952380952380952,0.142857142857143,0.0476190476190476,0.142857142857143,0,0.0476190476190476,0.142857142857143,0,0,0,0,0,0.222222222222222,NA,NA,0.333333333333333,0.666666666666667,0.222222222222222,0.333333333333333,0.111111111111111,NA,0.333333333333333,0,NA,NA,0,0,0.333333333333333,0.222222222222222,NA,NA,0,0.833333333333333,0.222222222222222,0.333333333333333,0.666666666666667,NA,0.333333333333333,0.777777777777778,NA,NA,0,0,2,1,0,0,0,1,2,0,6,0,1,7,0,0,3,3,4,6,0,0,2,1,5,2,2,0,1,2,0,0,0,0,0,1,0,0,0,4,0,1,0,0,0,0,0,0,0,0,0,1,0,0,1,0,2,0,1,0,1,0,0,0,0,0,0.333333333333333,0.111111111111111,NA,NA,0,0.166666666666667,0.222222222222222,0,0.666666666666667,NA,0.333333333333333,0.777777777777778,NA,NA,1,1,0.666666666666667,0.666666666666667,NA,NA,0.666666666666667,0.166666666666667,0.555555555555556,0.666666666666667,0.222222222222222,NA,0.333333333333333,0.222222222222222,NA,NA,0,0,0,0.111111111111111,NA,NA,0,0.666666666666667,0,0.333333333333333,0,NA,0,0,NA,NA,0,0,0,0.111111111111111,NA,NA,0.333333333333333,0,0.222222222222222,0,0.111111111111111,NA,0.333333333333333,0,NA,NA
"30",3,3,3,9,0,0,6,0,0,3,9,0,9,9,0,0,0,0,0,0,0,0,0,0,0,0,1,0,1,2,0,0,1,0,0,5,0,0,2,0,0,1,6,0,5,7,0,0,0.0555555555555556,0.0555555555555556,0.0555555555555556,0.166666666666667,0,0,0.111111111111111,0,0,0.0555555555555556,0.166666666666667,0,0.166666666666667,0.166666666666667,0,0,0,0,0,0,NA,NA,0,NA,NA,0,0.111111111111111,NA,0.111111111111111,0.222222222222222,NA,NA,0.333333333333333,0,0,0.555555555555556,NA,NA,0.333333333333333,NA,NA,0.333333333333333,0.666666666666667,NA,0.555555555555556,0.777777777777778,NA,NA,1,0,0,5,0,0,2,0,0,1,6,0,5,5,0,0,2,3,3,4,0,0,4,0,0,2,2,0,3,2,0,0,0,0,0,0,0,0,0,0,0,0,0,0,0,2,0,0,0,0,0,0,0,0,0,0,0,0,1,0,1,0,0,0,0.333333333333333,0,0,0.555555555555556,NA,NA,0.333333333333333,NA,NA,0.333333333333333,0.666666666666667,NA,0.555555555555556,0.555555555555556,NA,NA,0.666666666666667,1,1,0.444444444444444,NA,NA,0.666666666666667,NA,NA,0.666666666666667,0.222222222222222,NA,0.333333333333333,0.222222222222222,NA,NA,0,0,0,0,NA,NA,0,NA,NA,0,0,NA,0,0.222222222222222,NA,NA,0,0,0,0,NA,NA,0,NA,NA,0,0.111111111111111,NA,0.111111111111111,0,NA,NA
"31",3,3,3,3,0,0,3,9,3,9,9,3,9,9,3,0,1,0,0,0,0,0,0,2,0,0,3,3,1,5,2,0,0,1,0,0,0,0,1,2,1,3,4,2,4,6,0,0,0.0434782608695652,0.0434782608695652,0.0434782608695652,0.0434782608695652,0,0,0.0434782608695652,0.130434782608696,0.0434782608695652,0.130434782608696,0.130434782608696,0.0434782608695652,0.130434782608696,0.130434782608696,0.0434782608695652,0,0.333333333333333,0,0,0,NA,NA,0,0.222222222222222,0,0,0.333333333333333,1,0.111111111111111,0.555555555555556,0.666666666666667,NA,0,0.333333333333333,0,0,NA,NA,0.333333333333333,0.222222222222222,0.333333333333333,0.333333333333333,0.444444444444444,0.666666666666667,0.444444444444444,0.666666666666667,0,NA,0,1,0,0,0,0,1,0,1,3,3,0,3,3,0,0,2,2,3,3,0,0,2,7,2,6,3,0,5,1,1,0,0,0,0,0,0,0,0,2,0,0,1,2,1,3,0,0,1,0,0,0,0,0,0,0,0,0,2,1,0,2,2,0,0,0.333333333333333,0,0,NA,NA,0.333333333333333,0,0.333333333333333,0.333333333333333,0.333333333333333,0,0.333333333333333,0.333333333333333,0,NA,0.666666666666667,0.666666666666667,1,1,NA,NA,0.666666666666667,0.777777777777778,0.666666666666667,0.666666666666667,0.333333333333333,0,0.555555555555556,0.111111111111111,0.333333333333333,NA,0,0,0,0,NA,NA,0,0.222222222222222,0,0,0.111111111111111,0.666666666666667,0.111111111111111,0.333333333333333,0,NA,0.333333333333333,0,0,0,NA,NA,0,0,0,0,0.222222222222222,0.333333333333333,0,0.222222222222222,0.666666666666667,NA
"32",3,3,9,9,0,0,9,3,0,6,9,0,9,9,3,0,0,0,1,1,0,0,0,3,0,1,2,0,2,2,2,0,0,0,3,1,0,0,3,0,0,2,5,0,2,5,1,0,0.0416666666666667,0.0416666666666667,0.125,0.125,0,0,0.125,0.0416666666666667,0,0.0833333333333333,0.125,0,0.125,0.125,0.0416666666666667,0,0,0,0.111111111111111,0.111111111111111,NA,NA,0,1,NA,0.166666666666667,0.222222222222222,NA,0.222222222222222,0.222222222222222,0.666666666666667,NA,0,0,0.333333333333333,0.111111111111111,NA,NA,0.333333333333333,0,NA,0.333333333333333,0.555555555555556,NA,0.222222222222222,0.555555555555556,0.333333333333333,NA,0,0,3,1,0,0,3,0,0,1,3,0,1,3,0,0,3,3,5,7,0,0,6,0,0,4,4,0,6,4,1,0,0,0,0,0,0,0,0,0,0,1,2,0,1,2,1,0,0,0,1,1,0,0,0,3,0,0,0,0,1,0,1,0,0,0,0.333333333333333,0.111111111111111,NA,NA,0.333333333333333,0,NA,0.166666666666667,0.333333333333333,NA,0.111111111111111,0.333333333333333,0,NA,1,1,0.555555555555556,0.777777777777778,NA,NA,0.666666666666667,0,NA,0.666666666666667,0.444444444444444,NA,0.666666666666667,0.444444444444444,0.333333333333333,NA,0,0,0,0,NA,NA,0,0,NA,0.166666666666667,0.222222222222222,NA,0.111111111111111,0.222222222222222,0.333333333333333,NA,0,0,0.111111111111111,0.111111111111111,NA,NA,0,1,NA,0,0,NA,0.111111111111111,0,0.333333333333333,NA
"33",3,3,3,9,3,3,9,6,9,9,0,0,6,3,0,0,1,0,1,0,0,0,2,3,3,2,0,0,1,1,0,0,0,0,0,3,1,1,6,1,2,3,0,0,1,1,0,0,0.0454545454545455,0.0454545454545455,0.0454545454545455,0.136363636363636,0.0454545454545455,0.0454545454545455,0.136363636363636,0.0909090909090909,0.136363636363636,0.136363636363636,0,0,0.0909090909090909,0.0454545454545455,0,0,0.333333333333333,0,0.333333333333333,0,0,0,0.222222222222222,0.5,0.333333333333333,0.222222222222222,NA,NA,0.166666666666667,0.333333333333333,NA,NA,0,0,0,0.333333333333333,0.333333333333333,0.333333333333333,0.666666666666667,0.166666666666667,0.222222222222222,0.333333333333333,NA,NA,0.166666666666667,0.333333333333333,NA,NA,0,0,0,3,1,1,5,0,2,3,0,0,0,1,0,0,2,3,2,6,2,2,2,3,4,4,0,0,5,1,0,0,0,0,0,0,0,0,1,1,0,0,0,0,1,0,0,0,1,0,1,0,0,0,1,2,3,2,0,0,0,1,0,0,0,0,0,0.333333333333333,0.333333333333333,0.333333333333333,0.555555555555556,0,0.222222222222222,0.333333333333333,NA,NA,0,0.333333333333333,NA,NA,0.666666666666667,1,0.666666666666667,0.666666666666667,0.666666666666667,0.666666666666667,0.222222222222222,0.5,0.444444444444444,0.444444444444444,NA,NA,0.833333333333333,0.333333333333333,NA,NA,0,0,0,0,0,0,0.111111111111111,0.166666666666667,0,0,NA,NA,0.166666666666667,0,NA,NA,0.333333333333333,0,0.333333333333333,0,0,0,0.111111111111111,0.333333333333333,0.333333333333333,0.222222222222222,NA,NA,0,0.333333333333333,NA,NA
"34",3,3,3,9,3,9,3,0,3,3,9,0,9,0,6,0,0,1,0,1,1,2,0,0,0,2,2,0,2,0,3,0,0,0,0,5,0,1,0,0,1,0,6,0,6,0,4,0,0.0476190476190476,0.0476190476190476,0.0476190476190476,0.142857142857143,0.0476190476190476,0.142857142857143,0.0476190476190476,0,0.0476190476190476,0.0476190476190476,0.142857142857143,0,0.142857142857143,0,0.0952380952380952,0,0,0.333333333333333,0,0.111111111111111,0.333333333333333,0.222222222222222,0,NA,0,0.666666666666667,0.222222222222222,NA,0.222222222222222,NA,0.5,NA,0,0,0,0.555555555555556,0,0.111111111111111,0,NA,0.333333333333333,0,0.666666666666667,NA,0.666666666666667,NA,0.666666666666667,NA,0,0,0,4,0,1,0,0,1,0,5,0,6,0,2,0,3,2,3,4,2,6,3,0,2,1,2,0,1,0,1,0,0,0,0,1,0,0,0,0,0,0,1,0,0,0,2,0,0,1,0,0,1,2,0,0,0,2,1,0,2,0,1,0,0,0,0,0.444444444444444,0,0.111111111111111,0,NA,0.333333333333333,0,0.555555555555556,NA,0.666666666666667,NA,0.333333333333333,NA,1,0.666666666666667,1,0.444444444444444,0.666666666666667,0.666666666666667,1,NA,0.666666666666667,0.333333333333333,0.222222222222222,NA,0.111111111111111,NA,0.166666666666667,NA,0,0,0,0.111111111111111,0,0,0,NA,0,0,0.111111111111111,NA,0,NA,0.333333333333333,NA,0,0.333333333333333,0,0,0.333333333333333,0.222222222222222,0,NA,0,0.666666666666667,0.111111111111111,NA,0.222222222222222,NA,0.166666666666667,NA
"35",3,3,3,9,0,3,6,6,0,6,9,9,3,9,3,0,0,0,0,2,0,0,1,1,0,2,4,3,0,2,3,0,0,0,0,3,0,0,2,2,0,1,6,8,1,8,0,0,0.0416666666666667,0.0416666666666667,0.0416666666666667,0.125,0,0.0416666666666667,0.0833333333333333,0.0833333333333333,0,0.0833333333333333,0.125,0.125,0.0416666666666667,0.125,0.0416666666666667,0,0,0,0,0.222222222222222,NA,0,0.166666666666667,0.166666666666667,NA,0.333333333333333,0.444444444444444,0.333333333333333,0,0.222222222222222,1,NA,0,0,0,0.333333333333333,NA,0,0.333333333333333,0.333333333333333,NA,0.166666666666667,0.666666666666667,0.888888888888889,0.333333333333333,0.888888888888889,0,NA,0,0,0,3,0,0,2,2,0,1,2,6,1,6,0,0,3,3,3,4,0,3,3,3,0,3,3,0,2,1,0,0,0,0,0,0,0,0,0,0,0,0,4,2,0,2,0,0,0,0,0,2,0,0,1,1,0,2,0,1,0,0,3,0,0,0,0,0.333333333333333,NA,0,0.333333333333333,0.333333333333333,NA,0.166666666666667,0.222222222222222,0.666666666666667,0.333333333333333,0.666666666666667,0,NA,1,1,1,0.444444444444444,NA,1,0.5,0.5,NA,0.5,0.333333333333333,0,0.666666666666667,0.111111111111111,0,NA,0,0,0,0,NA,0,0,0,NA,0,0.444444444444444,0.222222222222222,0,0.222222222222222,0,NA,0,0,0,0.222222222222222,NA,0,0.166666666666667,0.166666666666667,NA,0.333333333333333,0,0.111111111111111,0,0,1,NA
"36",3,3,3,3,6,0,3,9,9,3,9,0,6,9,0,0,0,1,1,0,0,0,0,3,1,0,2,0,2,1,0,0,1,1,0,1,0,0,1,5,2,0,5,0,1,6,0,0,0.0454545454545455,0.0454545454545455,0.0454545454545455,0.0454545454545455,0.0909090909090909,0,0.0454545454545455,0.136363636363636,0.136363636363636,0.0454545454545455,0.136363636363636,0,0.0909090909090909,0.136363636363636,0,0,0,0.333333333333333,0.333333333333333,0,0,NA,0,0.333333333333333,0.111111111111111,0,0.222222222222222,NA,0.333333333333333,0.111111111111111,NA,NA,0.333333333333333,0.333333333333333,0,0.333333333333333,0,NA,0.333333333333333,0.555555555555556,0.222222222222222,0,0.555555555555556,NA,0.166666666666667,0.666666666666667,NA,NA,1,1,0,1,0,0,1,4,2,0,5,0,0,5,0,0,2,1,2,2,6,0,2,2,6,3,2,0,4,3,0,0,0,0,0,0,0,0,0,1,0,0,0,0,1,1,0,0,0,1,1,0,0,0,0,2,1,0,2,0,1,0,0,0,0.333333333333333,0.333333333333333,0,0.333333333333333,0,NA,0.333333333333333,0.444444444444444,0.222222222222222,0,0.555555555555556,NA,0,0.555555555555556,NA,NA,0.666666666666667,0.333333333333333,0.666666666666667,0.666666666666667,1,NA,0.666666666666667,0.222222222222222,0.666666666666667,1,0.222222222222222,NA,0.666666666666667,0.333333333333333,NA,NA,0,0,0,0,0,NA,0,0.111111111111111,0,0,0,NA,0.166666666666667,0.111111111111111,NA,NA,0,0.333333333333333,0.333333333333333,0,0,NA,0,0.222222222222222,0.111111111111111,0,0.222222222222222,NA,0.166666666666667,0,NA,NA
"37",3,3,3,9,0,0,3,0,6,3,9,0,9,9,0,0,0,0,0,0,0,0,0,0,0,0,2,0,1,1,0,0,1,0,1,6,0,0,1,0,2,0,5,0,3,5,0,0,0.0526315789473684,0.0526315789473684,0.0526315789473684,0.157894736842105,0,0,0.0526315789473684,0,0.105263157894737,0.0526315789473684,0.157894736842105,0,0.157894736842105,0.157894736842105,0,0,0,0,0,0,NA,NA,0,NA,0,0,0.222222222222222,NA,0.111111111111111,0.111111111111111,NA,NA,0.333333333333333,0,0.333333333333333,0.666666666666667,NA,NA,0.333333333333333,NA,0.333333333333333,0,0.555555555555556,NA,0.333333333333333,0.555555555555556,NA,NA,1,0,1,6,0,0,1,0,2,0,4,0,3,4,0,0,2,3,2,3,0,0,2,0,4,3,3,0,5,4,0,0,0,0,0,0,0,0,0,0,0,0,1,0,0,1,0,0,0,0,0,0,0,0,0,0,0,0,1,0,1,0,0,0,0.333333333333333,0,0.333333333333333,0.666666666666667,NA,NA,0.333333333333333,NA,0.333333333333333,0,0.444444444444444,NA,0.333333333333333,0.444444444444444,NA,NA,0.666666666666667,1,0.666666666666667,0.333333333333333,NA,NA,0.666666666666667,NA,0.666666666666667,1,0.333333333333333,NA,0.555555555555556,0.444444444444444,NA,NA,0,0,0,0,NA,NA,0,NA,0,0,0.111111111111111,NA,0,0.111111111111111,NA,NA,0,0,0,0,NA,NA,0,NA,0,0,0.111111111111111,NA,0.111111111111111,0,NA,NA
"38",3,3,3,9,0,3,9,9,9,3,6,0,6,9,0,0,0,0,0,0,0,0,0,5,1,0,4,0,1,2,0,0,0,0,1,4,0,0,3,7,1,0,5,0,2,5,0,0,0.0416666666666667,0.0416666666666667,0.0416666666666667,0.125,0,0.0416666666666667,0.125,0.125,0.125,0.0416666666666667,0.0833333333333333,0,0.0833333333333333,0.125,0,0,0,0,0,0,NA,0,0,0.555555555555556,0.111111111111111,0,0.666666666666667,NA,0.166666666666667,0.222222222222222,NA,NA,0,0,0.333333333333333,0.444444444444444,NA,0,0.333333333333333,0.777777777777778,0.111111111111111,0,0.833333333333333,NA,0.333333333333333,0.555555555555556,NA,NA,0,0,1,4,0,0,3,4,1,0,1,0,2,5,0,0,3,3,2,5,0,3,6,0,7,3,1,0,3,2,0,0,0,0,0,0,0,0,0,3,0,0,4,0,0,0,0,0,0,0,0,0,0,0,0,2,1,0,0,0,1,2,0,0,0,0,0.333333333333333,0.444444444444444,NA,0,0.333333333333333,0.444444444444444,0.111111111111111,0,0.166666666666667,NA,0.333333333333333,0.555555555555556,NA,NA,1,1,0.666666666666667,0.555555555555556,NA,1,0.666666666666667,0,0.777777777777778,1,0.166666666666667,NA,0.5,0.222222222222222,NA,NA,0,0,0,0,NA,0,0,0.333333333333333,0,0,0.666666666666667,NA,0,0,NA,NA,0,0,0,0,NA,0,0,0.222222222222222,0.111111111111111,0,0,NA,0.166666666666667,0.222222222222222,NA,NA
"39",3,3,3,9,0,3,9,9,3,9,3,0,9,9,0,0,0,0,0,1,0,1,1,3,0,1,3,0,2,1,0,0,0,1,0,3,0,1,2,5,0,4,2,0,1,3,0,0,0.0416666666666667,0.0416666666666667,0.0416666666666667,0.125,0,0.0416666666666667,0.125,0.125,0.0416666666666667,0.125,0.0416666666666667,0,0.125,0.125,0,0,0,0,0,0.111111111111111,NA,0.333333333333333,0.111111111111111,0.333333333333333,0,0.111111111111111,1,NA,0.222222222222222,0.111111111111111,NA,NA,0,0.333333333333333,0,0.333333333333333,NA,0.333333333333333,0.222222222222222,0.555555555555556,0,0.444444444444444,0.666666666666667,NA,0.111111111111111,0.333333333333333,NA,NA,0,1,0,2,0,1,1,4,0,4,0,0,1,3,0,0,3,2,3,6,0,1,7,2,3,4,0,0,6,5,0,0,0,0,0,1,0,0,1,1,0,0,2,0,0,0,0,0,0,0,0,0,0,1,0,2,0,1,1,0,2,1,0,0,0,0.333333333333333,0,0.222222222222222,NA,0.333333333333333,0.111111111111111,0.444444444444444,0,0.444444444444444,0,NA,0.111111111111111,0.333333333333333,NA,NA,1,0.666666666666667,1,0.666666666666667,NA,0.333333333333333,0.777777777777778,0.222222222222222,1,0.444444444444444,0,NA,0.666666666666667,0.555555555555556,NA,NA,0,0,0,0.111111111111111,NA,0,0.111111111111111,0.111111111111111,0,0,0.666666666666667,NA,0,0,NA,NA,0,0,0,0,NA,0.333333333333333,0,0.222222222222222,0,0.111111111111111,0.333333333333333,NA,0.222222222222222,0.111111111111111,NA,NA
"40",3,3,3,9,3,0,3,6,9,0,3,3,9,9,9,0,0,0,0,1,1,0,0,4,2,0,0,2,1,1,3,0,0,0,0,3,0,0,1,2,2,0,1,2,2,6,8,0,0.0416666666666667,0.0416666666666667,0.0416666666666667,0.125,0.0416666666666667,0,0.0416666666666667,0.0833333333333333,0.125,0,0.0416666666666667,0.0416666666666667,0.125,0.125,0.125,0,0,0,0,0.111111111111111,0.333333333333333,NA,0,0.666666666666667,0.222222222222222,NA,0,0.666666666666667,0.111111111111111,0.111111111111111,0.333333333333333,NA,0,0,0,0.333333333333333,0,NA,0.333333333333333,0.333333333333333,0.222222222222222,NA,0.333333333333333,0.666666666666667,0.222222222222222,0.666666666666667,0.888888888888889,NA,0,0,0,3,0,0,1,0,2,0,1,1,1,6,6,0,3,3,3,5,2,0,2,2,5,0,2,0,7,2,0,0,0,0,0,0,0,0,0,2,0,0,0,1,1,0,2,0,0,0,0,1,1,0,0,2,2,0,0,1,0,1,1,0,0,0,0,0.333333333333333,0,NA,0.333333333333333,0,0.222222222222222,NA,0.333333333333333,0.333333333333333,0.111111111111111,0.666666666666667,0.666666666666667,NA,1,1,1,0.555555555555556,0.666666666666667,NA,0.666666666666667,0.333333333333333,0.555555555555556,NA,0.666666666666667,0,0.777777777777778,0.222222222222222,0,NA,0,0,0,0,0,NA,0,0.333333333333333,0,NA,0,0.333333333333333,0.111111111111111,0,0.222222222222222,NA,0,0,0,0.111111111111111,0.333333333333333,NA,0,0.333333333333333,0.222222222222222,NA,0,0.333333333333333,0,0.111111111111111,0.111111111111111,NA
"41",3,3,3,3,3,9,9,9,3,6,6,0,9,0,0,0,0,0,0,1,0,0,3,2,1,4,3,0,1,0,0,0,1,0,0,0,1,2,3,5,0,3,3,0,5,0,0,0,0.0454545454545455,0.0454545454545455,0.0454545454545455,0.0454545454545455,0.0454545454545455,0.136363636363636,0.136363636363636,0.136363636363636,0.0454545454545455,0.0909090909090909,0.0909090909090909,0,0.136363636363636,0,0,0,0,0,0,0.333333333333333,0,0,0.333333333333333,0.222222222222222,0.333333333333333,0.666666666666667,0.5,NA,0.111111111111111,NA,NA,NA,0.333333333333333,0,0,0,0.333333333333333,0.222222222222222,0.333333333333333,0.555555555555556,0,0.5,0.5,NA,0.555555555555556,NA,NA,NA,1,0,0,0,1,2,1,3,0,1,2,0,4,0,0,0,2,3,3,2,2,7,5,4,2,1,1,0,4,0,0,0,0,0,0,0,0,0,2,2,0,2,1,0,1,0,0,0,0,0,0,1,0,0,1,0,1,2,2,0,0,0,0,0,0.333333333333333,0,0,0,0.333333333333333,0.222222222222222,0.111111111111111,0.333333333333333,0,0.166666666666667,0.333333333333333,NA,0.444444444444444,NA,NA,NA,0.666666666666667,1,1,0.666666666666667,0.666666666666667,0.777777777777778,0.555555555555556,0.444444444444444,0.666666666666667,0.166666666666667,0.166666666666667,NA,0.444444444444444,NA,NA,NA,0,0,0,0,0,0,0.222222222222222,0.222222222222222,0,0.333333333333333,0.166666666666667,NA,0.111111111111111,NA,NA,NA,0,0,0,0.333333333333333,0,0,0.111111111111111,0,0.333333333333333,0.333333333333333,0.333333333333333,NA,0,NA,NA,NA
"42",3,3,3,9,0,9,9,9,3,9,6,0,0,9,0,0,0,0,0,0,0,3,1,4,0,3,4,0,0,4,0,0,1,0,1,2,0,3,4,7,1,4,4,0,0,5,0,0,0.0416666666666667,0.0416666666666667,0.0416666666666667,0.125,0,0.125,0.125,0.125,0.0416666666666667,0.125,0.0833333333333333,0,0,0.125,0,0,0,0,0,0,NA,0.333333333333333,0.111111111111111,0.444444444444444,0,0.333333333333333,0.666666666666667,NA,NA,0.444444444444444,NA,NA,0.333333333333333,0,0.333333333333333,0.222222222222222,NA,0.333333333333333,0.444444444444444,0.777777777777778,0.333333333333333,0.444444444444444,0.666666666666667,NA,NA,0.555555555555556,NA,NA,1,0,1,2,0,1,4,4,1,2,2,0,0,3,0,0,2,3,2,7,0,5,4,1,2,4,0,0,0,2,0,0,0,0,0,0,0,2,0,3,0,2,2,0,0,2,0,0,0,0,0,0,0,1,1,1,0,1,2,0,0,2,0,0,0.333333333333333,0,0.333333333333333,0.222222222222222,NA,0.111111111111111,0.444444444444444,0.444444444444444,0.333333333333333,0.222222222222222,0.333333333333333,NA,NA,0.333333333333333,NA,NA,0.666666666666667,1,0.666666666666667,0.777777777777778,NA,0.555555555555556,0.444444444444444,0.111111111111111,0.666666666666667,0.444444444444444,0,NA,NA,0.222222222222222,NA,NA,0,0,0,0,NA,0.222222222222222,0,0.333333333333333,0,0.222222222222222,0.333333333333333,NA,NA,0.222222222222222,NA,NA,0,0,0,0,NA,0.111111111111111,0.111111111111111,0.111111111111111,0,0.111111111111111,0.333333333333333,NA,NA,0.222222222222222,NA,NA
"43",3,3,3,6,0,3,9,9,0,6,9,9,3,9,0,0,0,0,0,1,0,0,0,3,0,0,4,4,0,4,0,0,1,1,0,2,0,0,4,5,0,2,7,5,1,6,0,0,0.0416666666666667,0.0416666666666667,0.0416666666666667,0.0833333333333333,0,0.0416666666666667,0.125,0.125,0,0.0833333333333333,0.125,0.125,0.0416666666666667,0.125,0,0,0,0,0,0.166666666666667,NA,0,0,0.333333333333333,NA,0,0.444444444444444,0.444444444444444,0,0.444444444444444,NA,NA,0.333333333333333,0.333333333333333,0,0.333333333333333,NA,0,0.444444444444444,0.555555555555556,NA,0.333333333333333,0.777777777777778,0.555555555555556,0.333333333333333,0.666666666666667,NA,NA,1,1,0,2,0,0,4,2,0,2,4,3,1,3,0,0,2,2,3,3,0,3,5,4,0,4,1,2,2,2,0,0,0,0,0,0,0,0,0,3,0,0,3,2,0,3,0,0,0,0,0,1,0,0,0,0,0,0,1,2,0,1,0,0,0.333333333333333,0.333333333333333,0,0.333333333333333,NA,0,0.444444444444444,0.222222222222222,NA,0.333333333333333,0.444444444444444,0.333333333333333,0.333333333333333,0.333333333333333,NA,NA,0.666666666666667,0.666666666666667,1,0.5,NA,1,0.555555555555556,0.444444444444444,NA,0.666666666666667,0.111111111111111,0.222222222222222,0.666666666666667,0.222222222222222,NA,NA,0,0,0,0,NA,0,0,0.333333333333333,NA,0,0.333333333333333,0.222222222222222,0,0.333333333333333,NA,NA,0,0,0,0.166666666666667,NA,0,0,0,NA,0,0.111111111111111,0.222222222222222,0,0.111111111111111,NA,NA
"44",3,3,3,9,0,9,9,0,3,9,9,0,9,0,0,0,1,0,0,0,0,1,1,0,0,3,5,0,0,0,0,0,0,1,0,5,0,3,2,0,1,5,5,0,3,0,0,0,0.0454545454545455,0.0454545454545455,0.0454545454545455,0.136363636363636,0,0.136363636363636,0.136363636363636,0,0.0454545454545455,0.136363636363636,0.136363636363636,0,0.136363636363636,0,0,0,0.333333333333333,0,0,0,NA,0.111111111111111,0.111111111111111,NA,0,0.333333333333333,0.555555555555556,NA,0,NA,NA,NA,0,0.333333333333333,0,0.555555555555556,NA,0.333333333333333,0.222222222222222,NA,0.333333333333333,0.555555555555556,0.555555555555556,NA,0.333333333333333,NA,NA,NA,0,1,0,5,0,3,2,0,1,4,3,0,3,0,0,0,2,2,3,4,0,5,6,0,2,2,1,0,6,0,0,0,0,0,0,0,0,0,0,0,0,1,2,0,0,0,0,0,1,0,0,0,0,1,1,0,0,2,3,0,0,0,0,0,0,0.333333333333333,0,0.555555555555556,NA,0.333333333333333,0.222222222222222,NA,0.333333333333333,0.444444444444444,0.333333333333333,NA,0.333333333333333,NA,NA,NA,0.666666666666667,0.666666666666667,1,0.444444444444444,NA,0.555555555555556,0.666666666666667,NA,0.666666666666667,0.222222222222222,0.111111111111111,NA,0.666666666666667,NA,NA,NA,0,0,0,0,NA,0,0,NA,0,0.111111111111111,0.222222222222222,NA,0,NA,NA,NA,0.333333333333333,0,0,0,NA,0.111111111111111,0.111111111111111,NA,0,0.222222222222222,0.333333333333333,NA,0,NA,NA,NA
"45",3,3,6,9,0,0,3,3,0,0,3,0,9,9,9,0,0,0,1,3,0,0,1,2,0,0,0,0,1,1,3,0,0,0,0,3,0,0,0,1,0,0,1,0,1,4,6,0,0.0526315789473684,0.0526315789473684,0.105263157894737,0.157894736842105,0,0,0.0526315789473684,0.0526315789473684,0,0,0.0526315789473684,0,0.157894736842105,0.157894736842105,0.157894736842105,0,0,0,0.166666666666667,0.333333333333333,NA,NA,0.333333333333333,0.666666666666667,NA,NA,0,NA,0.111111111111111,0.111111111111111,0.333333333333333,NA,0,0,0,0.333333333333333,NA,NA,0,0.333333333333333,NA,NA,0.333333333333333,NA,0.111111111111111,0.444444444444444,0.666666666666667,NA,0,0,0,3,0,0,0,0,0,0,1,0,1,3,5,0,3,3,5,3,0,0,2,1,0,0,2,0,7,5,1,0,0,0,0,0,0,0,0,1,0,0,0,0,0,1,1,0,0,0,1,3,0,0,1,1,0,0,0,0,1,0,2,0,0,0,0,0.333333333333333,NA,NA,0,0,NA,NA,0.333333333333333,NA,0.111111111111111,0.333333333333333,0.555555555555556,NA,1,1,0.833333333333333,0.333333333333333,NA,NA,0.666666666666667,0.333333333333333,NA,NA,0.666666666666667,NA,0.777777777777778,0.555555555555556,0.111111111111111,NA,0,0,0,0,NA,NA,0,0.333333333333333,NA,NA,0,NA,0,0.111111111111111,0.111111111111111,NA,0,0,0.166666666666667,0.333333333333333,NA,NA,0.333333333333333,0.333333333333333,NA,NA,0,NA,0.111111111111111,0,0.222222222222222,NA
"46",3,3,9,9,0,3,0,0,9,9,0,0,9,9,0,0,0,0,0,4,0,0,0,0,1,0,0,0,2,5,0,0,0,0,1,7,0,0,0,0,2,4,0,0,3,5,0,0,0.0476190476190476,0.0476190476190476,0.142857142857143,0.142857142857143,0,0.0476190476190476,0,0,0.142857142857143,0.142857142857143,0,0,0.142857142857143,0.142857142857143,0,0,0,0,0,0.444444444444444,NA,0,NA,NA,0.111111111111111,0,NA,NA,0.222222222222222,0.555555555555556,NA,NA,0,0,0.111111111111111,0.777777777777778,NA,0,NA,NA,0.222222222222222,0.444444444444444,NA,NA,0.333333333333333,0.555555555555556,NA,NA,0,0,1,3,0,0,0,0,2,4,0,0,2,3,0,0,3,3,8,2,0,3,0,0,6,5,0,0,5,1,0,0,0,0,0,4,0,0,0,0,0,0,0,0,1,2,0,0,0,0,0,0,0,0,0,0,1,0,0,0,1,3,0,0,0,0,0.111111111111111,0.333333333333333,NA,0,NA,NA,0.222222222222222,0.444444444444444,NA,NA,0.222222222222222,0.333333333333333,NA,NA,1,1,0.888888888888889,0.222222222222222,NA,1,NA,NA,0.666666666666667,0.555555555555556,NA,NA,0.555555555555556,0.111111111111111,NA,NA,0,0,0,0.444444444444444,NA,0,NA,NA,0,0,NA,NA,0.111111111111111,0.222222222222222,NA,NA,0,0,0,0,NA,0,NA,NA,0.111111111111111,0,NA,NA,0.111111111111111,0.333333333333333,NA,NA
"47",3,3,3,3,0,3,9,9,0,3,9,0,9,9,3,0,0,1,0,0,0,0,2,3,0,0,4,0,1,2,2,0,0,1,0,0,0,0,3,6,0,1,2,0,3,4,1,0,0.0454545454545455,0.0454545454545455,0.0454545454545455,0.0454545454545455,0,0.0454545454545455,0.136363636363636,0.136363636363636,0,0.0454545454545455,0.136363636363636,0,0.136363636363636,0.136363636363636,0.0454545454545455,0,0,0.333333333333333,0,0,NA,0,0.222222222222222,0.333333333333333,NA,0,0.444444444444444,NA,0.111111111111111,0.222222222222222,0.666666666666667,NA,0,0.333333333333333,0,0,NA,0,0.333333333333333,0.666666666666667,NA,0.333333333333333,0.222222222222222,NA,0.333333333333333,0.444444444444444,0.333333333333333,NA,0,1,0,0,0,0,2,5,0,1,1,0,2,2,0,0,3,1,3,3,0,3,5,1,0,2,4,0,6,5,1,0,0,0,0,0,0,0,1,1,0,0,1,0,1,2,1,0,0,1,0,0,0,0,1,2,0,0,3,0,0,0,1,0,0,0.333333333333333,0,0,NA,0,0.222222222222222,0.555555555555556,NA,0.333333333333333,0.111111111111111,NA,0.222222222222222,0.222222222222222,0,NA,1,0.333333333333333,1,1,NA,1,0.555555555555556,0.111111111111111,NA,0.666666666666667,0.444444444444444,NA,0.666666666666667,0.555555555555556,0.333333333333333,NA,0,0,0,0,NA,0,0.111111111111111,0.111111111111111,NA,0,0.111111111111111,NA,0.111111111111111,0.222222222222222,0.333333333333333,NA,0,0.333333333333333,0,0,NA,0,0.111111111111111,0.222222222222222,NA,0,0.333333333333333,NA,0,0,0.333333333333333,NA
"48",3,3,3,3,0,6,9,9,6,9,3,9,6,3,0,0,0,0,0,0,0,1,1,1,0,2,2,5,2,2,0,0,1,1,1,1,0,0,3,3,1,5,2,7,1,1,0,0,0.0416666666666667,0.0416666666666667,0.0416666666666667,0.0416666666666667,0,0.0833333333333333,0.125,0.125,0.0833333333333333,0.125,0.0416666666666667,0.125,0.0833333333333333,0.0416666666666667,0,0,0,0,0,0,NA,0.166666666666667,0.111111111111111,0.111111111111111,0,0.222222222222222,0.666666666666667,0.555555555555556,0.333333333333333,0.666666666666667,NA,NA,0.333333333333333,0.333333333333333,0.333333333333333,0.333333333333333,NA,0,0.333333333333333,0.333333333333333,0.166666666666667,0.555555555555556,0.666666666666667,0.777777777777778,0.166666666666667,0.333333333333333,NA,NA,1,1,1,1,0,0,3,3,1,4,1,3,1,1,0,0,2,2,2,2,0,5,5,5,5,3,0,1,3,0,0,0,0,0,0,0,0,0,0,0,0,1,1,4,0,0,0,0,0,0,0,0,0,1,1,1,0,1,1,1,2,2,0,0,0.333333333333333,0.333333333333333,0.333333333333333,0.333333333333333,NA,0,0.333333333333333,0.333333333333333,0.166666666666667,0.444444444444444,0.333333333333333,0.333333333333333,0.166666666666667,0.333333333333333,NA,NA,0.666666666666667,0.666666666666667,0.666666666666667,0.666666666666667,NA,0.833333333333333,0.555555555555556,0.555555555555556,0.833333333333333,0.333333333333333,0,0.111111111111111,0.5,0,NA,NA,0,0,0,0,NA,0,0,0,0,0.111111111111111,0.333333333333333,0.444444444444444,0,0,NA,NA,0,0,0,0,NA,0.166666666666667,0.111111111111111,0.111111111111111,0,0.111111111111111,0.333333333333333,0.111111111111111,0.333333333333333,0.666666666666667,NA,NA
"49",3,3,3,9,0,6,9,9,0,3,9,0,9,9,0,0,0,0,1,0,0,1,0,4,0,1,4,0,2,2,0,0,1,0,0,2,0,2,3,5,0,1,7,0,4,6,0,0,0.0416666666666667,0.0416666666666667,0.0416666666666667,0.125,0,0.0833333333333333,0.125,0.125,0,0.0416666666666667,0.125,0,0.125,0.125,0,0,0,0,0.333333333333333,0,NA,0.166666666666667,0,0.444444444444444,NA,0.333333333333333,0.444444444444444,NA,0.222222222222222,0.222222222222222,NA,NA,0.333333333333333,0,0,0.222222222222222,NA,0.333333333333333,0.333333333333333,0.555555555555556,NA,0.333333333333333,0.777777777777778,NA,0.444444444444444,0.666666666666667,NA,NA,1,0,0,2,0,1,3,3,0,1,5,0,3,5,0,0,2,3,2,7,0,4,6,2,0,1,0,0,4,2,0,0,0,0,0,0,0,1,0,2,0,0,2,0,1,1,0,0,0,0,1,0,0,0,0,2,0,1,2,0,1,1,0,0,0.333333333333333,0,0,0.222222222222222,NA,0.166666666666667,0.333333333333333,0.333333333333333,NA,0.333333333333333,0.555555555555556,NA,0.333333333333333,0.555555555555556,NA,NA,0.666666666666667,1,0.666666666666667,0.777777777777778,NA,0.666666666666667,0.666666666666667,0.222222222222222,NA,0.333333333333333,0,NA,0.444444444444444,0.222222222222222,NA,NA,0,0,0,0,NA,0.166666666666667,0,0.222222222222222,NA,0,0.222222222222222,NA,0.111111111111111,0.111111111111111,NA,NA,0,0,0.333333333333333,0,NA,0,0,0.222222222222222,NA,0.333333333333333,0.222222222222222,NA,0.111111111111111,0.111111111111111,NA,NA
"50",3,9,3,9,0,6,0,6,3,9,9,9,0,3,3,0,1,1,0,2,0,2,0,2,0,2,2,3,0,2,2,0,0,3,0,3,0,0,0,2,1,4,5,6,0,0,1,0,0.0416666666666667,0.125,0.0416666666666667,0.125,0,0.0833333333333333,0,0.0833333333333333,0.0416666666666667,0.125,0.125,0.125,0,0.0416666666666667,0.0416666666666667,0,0.333333333333333,0.111111111111111,0,0.222222222222222,NA,0.333333333333333,NA,0.333333333333333,0,0.222222222222222,0.222222222222222,0.333333333333333,NA,0.666666666666667,0.666666666666667,NA,0,0.333333333333333,0,0.333333333333333,NA,0,NA,0.333333333333333,0.333333333333333,0.444444444444444,0.555555555555556,0.666666666666667,NA,0,0.333333333333333,NA,0,3,0,1,0,0,0,1,1,3,3,4,0,0,0,0,2,5,3,6,0,4,0,3,2,4,4,2,0,1,1,0,0,0,0,2,0,0,0,1,0,1,2,2,0,0,1,0,1,1,0,0,0,2,0,1,0,1,0,1,0,2,1,0,0,0.333333333333333,0,0.111111111111111,NA,0,NA,0.166666666666667,0.333333333333333,0.333333333333333,0.333333333333333,0.444444444444444,NA,0,0,NA,0.666666666666667,0.555555555555556,1,0.666666666666667,NA,0.666666666666667,NA,0.5,0.666666666666667,0.444444444444444,0.444444444444444,0.222222222222222,NA,0.333333333333333,0.333333333333333,NA,0,0,0,0.222222222222222,NA,0,NA,0.166666666666667,0,0.111111111111111,0.222222222222222,0.222222222222222,NA,0,0.333333333333333,NA,0.333333333333333,0.111111111111111,0,0,NA,0.333333333333333,NA,0.166666666666667,0,0.111111111111111,0,0.111111111111111,NA,0.666666666666667,0.333333333333333,NA
"51",3,3,3,3,3,6,9,9,9,3,0,0,9,9,0,0,0,1,0,0,0,2,1,2,1,1,0,0,3,3,0,0,0,0,0,0,0,1,5,6,1,0,0,0,2,5,0,0,0.0434782608695652,0.0434782608695652,0.0434782608695652,0.0434782608695652,0.0434782608695652,0.0869565217391304,0.130434782608696,0.130434782608696,0.130434782608696,0.0434782608695652,0,0,0.130434782608696,0.130434782608696,0,0,0,0.333333333333333,0,0,0,0.333333333333333,0.111111111111111,0.222222222222222,0.111111111111111,0.333333333333333,NA,NA,0.333333333333333,0.333333333333333,NA,NA,0,0,0,0,0,0.166666666666667,0.555555555555556,0.666666666666667,0.111111111111111,0,NA,NA,0.222222222222222,0.555555555555556,NA,NA,0,0,0,0,0,1,5,5,1,0,0,0,2,4,0,0,3,2,3,3,3,3,3,2,7,2,0,0,4,2,0,0,0,0,0,0,0,0,0,1,0,0,0,0,0,1,0,0,0,1,0,0,0,2,1,1,1,1,0,0,3,2,0,0,0,0,0,0,0,0.166666666666667,0.555555555555556,0.555555555555556,0.111111111111111,0,NA,NA,0.222222222222222,0.444444444444444,NA,NA,1,0.666666666666667,1,1,1,0.5,0.333333333333333,0.222222222222222,0.777777777777778,0.666666666666667,NA,NA,0.444444444444444,0.222222222222222,NA,NA,0,0,0,0,0,0,0,0.111111111111111,0,0,NA,NA,0,0.111111111111111,NA,NA,0,0.333333333333333,0,0,0,0.333333333333333,0.111111111111111,0.111111111111111,0.111111111111111,0.333333333333333,NA,NA,0.333333333333333,0.222222222222222,NA,NA
"52",3,3,3,9,0,9,9,0,6,9,3,0,9,3,0,0,0,0,0,2,0,2,1,0,1,1,3,0,0,2,0,0,0,0,0,5,0,3,2,0,2,3,2,0,3,1,0,0,0.0454545454545455,0.0454545454545455,0.0454545454545455,0.136363636363636,0,0.136363636363636,0.136363636363636,0,0.0909090909090909,0.136363636363636,0.0454545454545455,0,0.136363636363636,0.0454545454545455,0,0,0,0,0,0.222222222222222,NA,0.222222222222222,0.111111111111111,NA,0.166666666666667,0.111111111111111,1,NA,0,0.666666666666667,NA,NA,0,0,0,0.555555555555556,NA,0.333333333333333,0.222222222222222,NA,0.333333333333333,0.333333333333333,0.666666666666667,NA,0.333333333333333,0.333333333333333,NA,NA,0,0,0,4,0,2,2,0,1,3,0,0,3,1,0,0,3,3,3,3,0,5,6,0,4,5,0,0,6,0,0,0,0,0,0,1,0,1,0,0,1,0,2,0,0,0,0,0,0,0,0,1,0,1,1,0,0,1,1,0,0,2,0,0,0,0,0,0.444444444444444,NA,0.222222222222222,0.222222222222222,NA,0.166666666666667,0.333333333333333,0,NA,0.333333333333333,0.333333333333333,NA,NA,1,1,1,0.333333333333333,NA,0.555555555555556,0.666666666666667,NA,0.666666666666667,0.555555555555556,0,NA,0.666666666666667,0,NA,NA,0,0,0,0.111111111111111,NA,0.111111111111111,0,NA,0.166666666666667,0,0.666666666666667,NA,0,0,NA,NA,0,0,0,0.111111111111111,NA,0.111111111111111,0.111111111111111,NA,0,0.111111111111111,0.333333333333333,NA,0,0.666666666666667,NA,NA
"53",3,3,3,9,0,3,9,9,0,9,9,3,3,9,0,0,0,0,1,3,0,0,0,3,0,2,4,2,0,4,0,0,0,0,1,3,0,1,2,4,0,2,8,2,2,6,0,0,0.0416666666666667,0.0416666666666667,0.0416666666666667,0.125,0,0.0416666666666667,0.125,0.125,0,0.125,0.125,0.0416666666666667,0.0416666666666667,0.125,0,0,0,0,0.333333333333333,0.333333333333333,NA,0,0,0.333333333333333,NA,0.222222222222222,0.444444444444444,0.666666666666667,0,0.444444444444444,NA,NA,0,0,0.333333333333333,0.333333333333333,NA,0.333333333333333,0.222222222222222,0.444444444444444,NA,0.222222222222222,0.888888888888889,0.666666666666667,0.666666666666667,0.666666666666667,NA,NA,0,0,1,3,0,1,2,2,0,2,5,1,2,4,0,0,3,3,1,3,0,2,7,4,0,5,0,0,1,1,0,0,0,0,0,0,0,0,0,2,0,0,3,1,0,2,0,0,0,0,1,3,0,0,0,1,0,2,1,1,0,2,0,0,0,0,0.333333333333333,0.333333333333333,NA,0.333333333333333,0.222222222222222,0.222222222222222,NA,0.222222222222222,0.555555555555556,0.333333333333333,0.666666666666667,0.444444444444444,NA,NA,1,1,0.333333333333333,0.333333333333333,NA,0.666666666666667,0.777777777777778,0.444444444444444,NA,0.555555555555556,0,0,0.333333333333333,0.111111111111111,NA,NA,0,0,0,0,NA,0,0,0.222222222222222,NA,0,0.333333333333333,0.333333333333333,0,0.222222222222222,NA,NA,0,0,0.333333333333333,0.333333333333333,NA,0,0,0.111111111111111,NA,0.222222222222222,0.111111111111111,0.333333333333333,0,0.222222222222222,NA,NA
"54",3,3,3,3,0,3,9,9,9,3,6,0,6,9,0,0,0,0,0,0,0,0,0,2,1,0,3,0,2,2,0,0,0,1,1,1,0,0,3,7,3,0,5,0,2,5,0,0,0.0454545454545455,0.0454545454545455,0.0454545454545455,0.0454545454545455,0,0.0454545454545455,0.136363636363636,0.136363636363636,0.136363636363636,0.0454545454545455,0.0909090909090909,0,0.0909090909090909,0.136363636363636,0,0,0,0,0,0,NA,0,0,0.222222222222222,0.111111111111111,0,0.5,NA,0.333333333333333,0.222222222222222,NA,NA,0,0.333333333333333,0.333333333333333,0.333333333333333,NA,0,0.333333333333333,0.777777777777778,0.333333333333333,0,0.833333333333333,NA,0.333333333333333,0.555555555555556,NA,NA,0,1,1,1,0,0,3,5,3,0,2,0,0,4,0,0,3,2,2,2,0,3,6,2,5,3,1,0,4,3,0,0,0,0,0,0,0,0,0,2,0,0,3,0,2,1,0,0,0,0,0,0,0,0,0,0,1,0,0,0,0,1,0,0,0,0.333333333333333,0.333333333333333,0.333333333333333,NA,0,0.333333333333333,0.555555555555556,0.333333333333333,0,0.333333333333333,NA,0,0.444444444444444,NA,NA,1,0.666666666666667,0.666666666666667,0.666666666666667,NA,1,0.666666666666667,0.222222222222222,0.555555555555556,1,0.166666666666667,NA,0.666666666666667,0.333333333333333,NA,NA,0,0,0,0,NA,0,0,0.222222222222222,0,0,0.5,NA,0.333333333333333,0.111111111111111,NA,NA,0,0,0,0,NA,0,0,0,0.111111111111111,0,0,NA,0,0.111111111111111,NA,NA
"55",3,3,3,9,0,3,9,9,3,6,6,6,3,9,0,0,0,0,0,1,0,0,2,1,0,0,3,4,2,3,0,0,0,0,1,4,0,0,3,2,1,1,4,3,2,5,0,0,0.0416666666666667,0.0416666666666667,0.0416666666666667,0.125,0,0.0416666666666667,0.125,0.125,0.0416666666666667,0.0833333333333333,0.0833333333333333,0.0833333333333333,0.0416666666666667,0.125,0,0,0,0,0,0.111111111111111,NA,0,0.222222222222222,0.111111111111111,0,0,0.5,0.666666666666667,0.666666666666667,0.333333333333333,NA,NA,0,0,0.333333333333333,0.444444444444444,NA,0,0.333333333333333,0.222222222222222,0.333333333333333,0.166666666666667,0.666666666666667,0.5,0.666666666666667,0.555555555555556,NA,NA,0,0,1,4,0,0,2,2,1,1,2,1,1,4,0,0,3,3,2,4,0,3,5,6,2,5,1,1,0,2,0,0,0,0,0,0,0,0,1,0,0,0,2,2,1,1,0,0,0,0,0,1,0,0,1,1,0,0,1,2,1,2,0,0,0,0,0.333333333333333,0.444444444444444,NA,0,0.222222222222222,0.222222222222222,0.333333333333333,0.166666666666667,0.333333333333333,0.166666666666667,0.333333333333333,0.444444444444444,NA,NA,1,1,0.666666666666667,0.444444444444444,NA,1,0.555555555555556,0.666666666666667,0.666666666666667,0.833333333333333,0.166666666666667,0.166666666666667,0,0.222222222222222,NA,NA,0,0,0,0,NA,0,0.111111111111111,0,0,0,0.333333333333333,0.333333333333333,0.333333333333333,0.111111111111111,NA,NA,0,0,0,0.111111111111111,NA,0,0.111111111111111,0.111111111111111,0,0,0.166666666666667,0.333333333333333,0.333333333333333,0.222222222222222,NA,NA
"56",3,3,3,3,0,0,9,9,0,3,9,0,9,9,0,0,0,0,0,0,0,0,0,3,0,1,4,0,2,2,0,0,0,1,0,1,0,0,1,7,0,0,7,0,6,6,0,0,0.05,0.05,0.05,0.05,0,0,0.15,0.15,0,0.05,0.15,0,0.15,0.15,0,0,0,0,0,0,NA,NA,0,0.333333333333333,NA,0.333333333333333,0.444444444444444,NA,0.222222222222222,0.222222222222222,NA,NA,0,0.333333333333333,0,0.333333333333333,NA,NA,0.111111111111111,0.777777777777778,NA,0,0.777777777777778,NA,0.666666666666667,0.666666666666667,NA,NA,0,1,0,1,0,0,1,5,0,0,4,0,4,6,0,0,3,2,3,2,0,0,8,1,0,2,1,0,3,1,0,0,0,0,0,0,0,0,0,2,0,0,3,0,2,0,0,0,0,0,0,0,0,0,0,1,0,1,1,0,0,2,0,0,0,0.333333333333333,0,0.333333333333333,NA,NA,0.111111111111111,0.555555555555556,NA,0,0.444444444444444,NA,0.444444444444444,0.666666666666667,NA,NA,1,0.666666666666667,1,0.666666666666667,NA,NA,0.888888888888889,0.111111111111111,NA,0.666666666666667,0.111111111111111,NA,0.333333333333333,0.111111111111111,NA,NA,0,0,0,0,NA,NA,0,0.222222222222222,NA,0,0.333333333333333,NA,0.222222222222222,0,NA,NA,0,0,0,0,NA,NA,0,0.111111111111111,NA,0.333333333333333,0.111111111111111,NA,0,0.222222222222222,NA,NA
"57",3,3,3,3,0,3,9,9,3,9,6,0,9,9,0,0,0,0,0,0,0,0,2,3,0,1,5,0,1,4,0,0,1,1,1,1,0,0,3,8,1,3,5,0,4,8,0,0,0.0434782608695652,0.0434782608695652,0.0434782608695652,0.0434782608695652,0,0.0434782608695652,0.130434782608696,0.130434782608696,0.0434782608695652,0.130434782608696,0.0869565217391304,0,0.130434782608696,0.130434782608696,0,0,0,0,0,0,NA,0,0.222222222222222,0.333333333333333,0,0.111111111111111,0.833333333333333,NA,0.111111111111111,0.444444444444444,NA,NA,0.333333333333333,0.333333333333333,0.333333333333333,0.333333333333333,NA,0,0.333333333333333,0.888888888888889,0.333333333333333,0.333333333333333,0.833333333333333,NA,0.444444444444444,0.888888888888889,NA,NA,1,1,1,1,0,0,2,5,1,3,1,0,4,4,0,0,2,2,2,2,0,3,5,1,2,5,0,0,4,1,0,0,0,0,0,0,0,0,1,3,0,0,4,0,0,4,0,0,0,0,0,0,0,0,1,0,0,1,1,0,1,0,0,0,0.333333333333333,0.333333333333333,0.333333333333333,0.333333333333333,NA,0,0.222222222222222,0.555555555555556,0.333333333333333,0.333333333333333,0.166666666666667,NA,0.444444444444444,0.444444444444444,NA,NA,0.666666666666667,0.666666666666667,0.666666666666667,0.666666666666667,NA,1,0.555555555555556,0.111111111111111,0.666666666666667,0.555555555555556,0,NA,0.444444444444444,0.111111111111111,NA,NA,0,0,0,0,NA,0,0.111111111111111,0.333333333333333,0,0,0.666666666666667,NA,0,0.444444444444444,NA,NA,0,0,0,0,NA,0,0.111111111111111,0,0,0.111111111111111,0.166666666666667,NA,0.111111111111111,0,NA,NA
"58",3,3,3,6,3,3,9,9,9,9,3,0,3,0,0,0,0,0,0,2,0,0,3,3,2,1,3,0,1,0,0,0,1,0,0,1,0,1,5,5,1,6,3,0,0,0,0,0,0.0476190476190476,0.0476190476190476,0.0476190476190476,0.0952380952380952,0.0476190476190476,0.0476190476190476,0.142857142857143,0.142857142857143,0.142857142857143,0.142857142857143,0.0476190476190476,0,0.0476190476190476,0,0,0,0,0,0,0.333333333333333,0,0,0.333333333333333,0.333333333333333,0.222222222222222,0.111111111111111,1,NA,0.333333333333333,NA,NA,NA,0.333333333333333,0,0,0.166666666666667,0,0.333333333333333,0.555555555555556,0.555555555555556,0.111111111111111,0.666666666666667,1,NA,0,NA,NA,NA,1,0,0,1,0,1,3,4,0,5,0,0,0,0,0,0,2,3,3,3,3,2,3,2,7,3,0,0,2,0,0,0,0,0,0,0,0,0,2,1,1,1,3,0,0,0,0,0,0,0,0,2,0,0,1,2,1,0,0,0,1,0,0,0,0.333333333333333,0,0,0.166666666666667,0,0.333333333333333,0.333333333333333,0.444444444444444,0,0.555555555555556,0,NA,0,NA,NA,NA,0.666666666666667,1,1,0.5,1,0.666666666666667,0.333333333333333,0.222222222222222,0.777777777777778,0.333333333333333,0,NA,0.666666666666667,NA,NA,NA,0,0,0,0,0,0,0.222222222222222,0.111111111111111,0.111111111111111,0.111111111111111,1,NA,0,NA,NA,NA,0,0,0,0.333333333333333,0,0,0.111111111111111,0.222222222222222,0.111111111111111,0,0,NA,0.333333333333333,NA,NA,NA
"59",3,3,3,3,0,3,9,9,9,9,0,6,6,9,0,0,0,0,0,0,0,0,0,2,0,2,0,3,3,5,0,0,0,1,0,1,0,0,6,4,2,0,0,6,3,5,0,0,0.0416666666666667,0.0416666666666667,0.0416666666666667,0.0416666666666667,0,0.0416666666666667,0.125,0.125,0.125,0.125,0,0.0833333333333333,0.0833333333333333,0.125,0,0,0,0,0,0,NA,0,0,0.222222222222222,0,0.222222222222222,NA,0.5,0.5,0.555555555555556,NA,NA,0,0.333333333333333,0,0.333333333333333,NA,0,0.666666666666667,0.444444444444444,0.222222222222222,0,NA,1,0.5,0.555555555555556,NA,NA,0,1,0,1,0,0,6,4,2,0,0,3,2,2,0,0,3,2,3,2,0,3,3,3,7,7,0,0,1,2,0,0,0,0,0,0,0,0,0,0,0,0,0,3,1,3,0,0,0,0,0,0,0,0,0,2,0,2,0,0,2,2,0,0,0,0.333333333333333,0,0.333333333333333,NA,0,0.666666666666667,0.444444444444444,0.222222222222222,0,NA,0.5,0.333333333333333,0.222222222222222,NA,NA,1,0.666666666666667,1,0.666666666666667,NA,1,0.333333333333333,0.333333333333333,0.777777777777778,0.777777777777778,NA,0,0.166666666666667,0.222222222222222,NA,NA,0,0,0,0,NA,0,0,0,0,0,NA,0.5,0.166666666666667,0.333333333333333,NA,NA,0,0,0,0,NA,0,0,0.222222222222222,0,0.222222222222222,NA,0,0.333333333333333,0.222222222222222,NA,NA
"60",3,3,3,6,3,0,9,9,9,3,9,0,3,9,0,0,0,0,1,1,0,0,1,3,2,0,4,0,1,1,0,0,0,0,0,1,1,0,3,5,1,0,5,0,1,7,0,0,0.0434782608695652,0.0434782608695652,0.0434782608695652,0.0869565217391304,0.0434782608695652,0,0.130434782608696,0.130434782608696,0.130434782608696,0.0434782608695652,0.130434782608696,0,0.0434782608695652,0.130434782608696,0,0,0,0,0.333333333333333,0.166666666666667,0,NA,0.111111111111111,0.333333333333333,0.222222222222222,0,0.444444444444444,NA,0.333333333333333,0.111111111111111,NA,NA,0,0,0,0.166666666666667,0.333333333333333,NA,0.333333333333333,0.555555555555556,0.111111111111111,0,0.555555555555556,NA,0.333333333333333,0.777777777777778,NA,NA,0,0,0,1,1,0,3,4,0,0,2,0,1,7,0,0,3,3,2,4,2,0,5,2,7,3,3,0,1,1,0,0,0,0,0,0,0,0,0,1,1,0,3,0,0,0,0,0,0,0,1,1,0,0,1,2,1,0,1,0,1,1,0,0,0,0,0,0.166666666666667,0.333333333333333,NA,0.333333333333333,0.444444444444444,0,0,0.222222222222222,NA,0.333333333333333,0.777777777777778,NA,NA,1,1,0.666666666666667,0.666666666666667,0.666666666666667,NA,0.555555555555556,0.222222222222222,0.777777777777778,1,0.333333333333333,NA,0.333333333333333,0.111111111111111,NA,NA,0,0,0,0,0,NA,0,0.111111111111111,0.111111111111111,0,0.333333333333333,NA,0,0,NA,NA,0,0,0.333333333333333,0.166666666666667,0,NA,0.111111111111111,0.222222222222222,0.111111111111111,0,0.111111111111111,NA,0.333333333333333,0.111111111111111,NA,NA
"61",3,3,3,9,0,0,3,3,0,3,9,0,9,9,6,0,0,0,0,0,0,0,0,3,0,1,3,0,1,1,3,0,0,0,1,2,0,0,0,1,0,0,5,0,2,6,6,0,0.05,0.05,0.05,0.15,0,0,0.05,0.05,0,0.05,0.15,0,0.15,0.15,0.1,0,0,0,0,0,NA,NA,0,1,NA,0.333333333333333,0.333333333333333,NA,0.111111111111111,0.111111111111111,0.5,NA,0,0,0.333333333333333,0.222222222222222,NA,NA,0,0.333333333333333,NA,0,0.555555555555556,NA,0.222222222222222,0.666666666666667,1,NA,0,0,1,2,0,0,0,0,0,0,4,0,2,6,3,0,3,3,2,7,0,0,3,0,0,2,2,0,6,2,0,0,0,0,0,0,0,0,0,1,0,0,1,0,0,0,3,0,0,0,0,0,0,0,0,2,0,1,2,0,1,1,0,0,0,0,0.333333333333333,0.222222222222222,NA,NA,0,0,NA,0,0.444444444444444,NA,0.222222222222222,0.666666666666667,0.5,NA,1,1,0.666666666666667,0.777777777777778,NA,NA,1,0,NA,0.666666666666667,0.222222222222222,NA,0.666666666666667,0.222222222222222,0,NA,0,0,0,0,NA,NA,0,0.333333333333333,NA,0,0.111111111111111,NA,0,0,0.5,NA,0,0,0,0,NA,NA,0,0.666666666666667,NA,0.333333333333333,0.222222222222222,NA,0.111111111111111,0.111111111111111,0,NA
"62",3,3,3,3,0,0,6,9,3,9,9,3,9,9,0,0,0,0,0,0,0,0,0,2,0,1,1,2,2,4,0,0,0,1,0,1,0,0,2,5,1,3,7,3,5,5,0,0,0.0434782608695652,0.0434782608695652,0.0434782608695652,0.0434782608695652,0,0,0.0869565217391304,0.130434782608696,0.0434782608695652,0.130434782608696,0.130434782608696,0.0434782608695652,0.130434782608696,0.130434782608696,0,0,0,0,0,0,NA,NA,0,0.222222222222222,0,0.111111111111111,0.111111111111111,0.666666666666667,0.222222222222222,0.444444444444444,NA,NA,0,0.333333333333333,0,0.333333333333333,NA,NA,0.333333333333333,0.555555555555556,0.333333333333333,0.333333333333333,0.777777777777778,1,0.555555555555556,0.555555555555556,NA,NA,0,1,0,1,0,0,2,3,1,3,6,1,4,3,0,0,3,2,3,2,0,0,4,4,2,5,2,0,3,2,0,0,0,0,0,0,0,0,0,2,0,0,1,2,1,2,0,0,0,0,0,0,0,0,0,0,0,1,0,0,1,2,0,0,0,0.333333333333333,0,0.333333333333333,NA,NA,0.333333333333333,0.333333333333333,0.333333333333333,0.333333333333333,0.666666666666667,0.333333333333333,0.444444444444444,0.333333333333333,NA,NA,1,0.666666666666667,1,0.666666666666667,NA,NA,0.666666666666667,0.444444444444444,0.666666666666667,0.555555555555556,0.222222222222222,0,0.333333333333333,0.222222222222222,NA,NA,0,0,0,0,NA,NA,0,0.222222222222222,0,0,0.111111111111111,0.666666666666667,0.111111111111111,0.222222222222222,NA,NA,0,0,0,0,NA,NA,0,0,0,0.111111111111111,0,0,0.111111111111111,0.222222222222222,NA,NA
"63",3,3,3,9,0,0,3,9,3,9,9,0,9,9,0,0,0,0,0,0,0,0,1,4,0,1,2,0,1,4,0,0,0,0,0,2,0,0,1,3,1,3,5,0,1,3,0,0,0.0434782608695652,0.0434782608695652,0.0434782608695652,0.130434782608696,0,0,0.0434782608695652,0.130434782608696,0.0434782608695652,0.130434782608696,0.130434782608696,0,0.130434782608696,0.130434782608696,0,0,0,0,0,0,NA,NA,0.333333333333333,0.444444444444444,0,0.111111111111111,0.222222222222222,NA,0.111111111111111,0.444444444444444,NA,NA,0,0,0,0.222222222222222,NA,NA,0.333333333333333,0.333333333333333,0.333333333333333,0.333333333333333,0.555555555555556,NA,0.111111111111111,0.333333333333333,NA,NA,0,0,0,2,0,0,1,1,1,3,4,0,1,1,0,0,3,3,3,7,0,0,1,4,2,5,3,0,7,4,0,0,0,0,0,0,0,0,0,2,0,0,1,0,0,2,0,0,0,0,0,0,0,0,1,2,0,1,1,0,1,2,0,0,0,0,0,0.222222222222222,NA,NA,0.333333333333333,0.111111111111111,0.333333333333333,0.333333333333333,0.444444444444444,NA,0.111111111111111,0.111111111111111,NA,NA,1,1,1,0.777777777777778,NA,NA,0.333333333333333,0.444444444444444,0.666666666666667,0.555555555555556,0.333333333333333,NA,0.777777777777778,0.444444444444444,NA,NA,0,0,0,0,NA,NA,0,0.222222222222222,0,0,0.111111111111111,NA,0,0.222222222222222,NA,NA,0,0,0,0,NA,NA,0.333333333333333,0.222222222222222,0,0.111111111111111,0.111111111111111,NA,0.111111111111111,0.222222222222222,NA,NA
"64",3,3,3,3,3,6,3,3,9,9,9,9,6,3,0,0,0,0,0,1,0,1,0,1,2,2,4,3,3,1,0,0,0,1,1,1,0,1,1,1,2,3,5,7,1,1,0,0,0.0416666666666667,0.0416666666666667,0.0416666666666667,0.0416666666666667,0.0416666666666667,0.0833333333333333,0.0416666666666667,0.0416666666666667,0.125,0.125,0.125,0.125,0.0833333333333333,0.0416666666666667,0,0,0,0,0,0.333333333333333,0,0.166666666666667,0,0.333333333333333,0.222222222222222,0.222222222222222,0.444444444444444,0.333333333333333,0.5,0.333333333333333,NA,NA,0,0.333333333333333,0.333333333333333,0.333333333333333,0,0.166666666666667,0.333333333333333,0.333333333333333,0.222222222222222,0.333333333333333,0.555555555555556,0.777777777777778,0.166666666666667,0.333333333333333,NA,NA,0,1,1,1,0,1,1,1,2,2,4,4,1,1,0,0,3,2,2,1,3,4,2,1,5,5,1,2,2,1,0,0,0,0,0,0,0,0,0,0,0,1,1,3,0,0,0,0,0,0,0,1,0,1,0,1,2,1,3,0,3,1,0,0,0,0.333333333333333,0.333333333333333,0.333333333333333,0,0.166666666666667,0.333333333333333,0.333333333333333,0.222222222222222,0.222222222222222,0.444444444444444,0.444444444444444,0.166666666666667,0.333333333333333,NA,NA,1,0.666666666666667,0.666666666666667,0.333333333333333,1,0.666666666666667,0.666666666666667,0.333333333333333,0.555555555555556,0.555555555555556,0.111111111111111,0.222222222222222,0.333333333333333,0.333333333333333,NA,NA,0,0,0,0,0,0,0,0,0,0.111111111111111,0.111111111111111,0.333333333333333,0,0,NA,NA,0,0,0,0.333333333333333,0,0.166666666666667,0,0.333333333333333,0.222222222222222,0.111111111111111,0.333333333333333,0,0.5,0.333333333333333,NA,NA
"65",3,9,6,6,0,3,9,9,0,9,3,0,6,9,0,0,0,0,0,0,0,0,1,4,0,2,3,0,1,4,0,0,0,3,2,1,0,1,2,7,0,2,1,0,1,7,0,0,0.0416666666666667,0.125,0.0833333333333333,0.0833333333333333,0,0.0416666666666667,0.125,0.125,0,0.125,0.0416666666666667,0,0.0833333333333333,0.125,0,0,0,0,0,0,NA,0,0.111111111111111,0.444444444444444,NA,0.222222222222222,1,NA,0.166666666666667,0.444444444444444,NA,NA,0,0.333333333333333,0.333333333333333,0.166666666666667,NA,0.333333333333333,0.222222222222222,0.777777777777778,NA,0.222222222222222,0.333333333333333,NA,0.166666666666667,0.777777777777778,NA,NA,0,3,2,1,0,1,1,4,0,0,0,0,1,4,0,0,3,6,4,5,0,2,7,1,0,7,0,0,4,1,0,0,0,0,0,0,0,0,1,3,0,2,1,0,0,3,0,0,0,0,0,0,0,0,0,1,0,0,2,0,1,1,0,0,0,0.333333333333333,0.333333333333333,0.166666666666667,NA,0.333333333333333,0.111111111111111,0.444444444444444,NA,0,0,NA,0.166666666666667,0.444444444444444,NA,NA,1,0.666666666666667,0.666666666666667,0.833333333333333,NA,0.666666666666667,0.777777777777778,0.111111111111111,NA,0.777777777777778,0,NA,0.666666666666667,0.111111111111111,NA,NA,0,0,0,0,NA,0,0.111111111111111,0.333333333333333,NA,0.222222222222222,0.333333333333333,NA,0,0.333333333333333,NA,NA,0,0,0,0,NA,0,0,0.111111111111111,NA,0,0.666666666666667,NA,0.166666666666667,0.111111111111111,NA,NA
"66",3,3,3,9,0,0,3,9,3,9,9,0,9,9,0,0,0,0,0,1,0,0,1,5,1,0,2,0,3,5,0,0,0,0,0,2,0,0,0,5,0,4,6,0,3,4,0,0,0.0434782608695652,0.0434782608695652,0.0434782608695652,0.130434782608696,0,0,0.0434782608695652,0.130434782608696,0.0434782608695652,0.130434782608696,0.130434782608696,0,0.130434782608696,0.130434782608696,0,0,0,0,0,0.111111111111111,NA,NA,0.333333333333333,0.555555555555556,0.333333333333333,0,0.222222222222222,NA,0.333333333333333,0.555555555555556,NA,NA,0,0,0,0.222222222222222,NA,NA,0,0.555555555555556,0,0.444444444444444,0.666666666666667,NA,0.333333333333333,0.444444444444444,NA,NA,0,0,0,2,0,0,0,1,0,4,5,0,3,2,0,0,3,3,3,6,0,0,2,3,2,5,2,0,3,2,0,0,0,0,0,0,0,0,0,4,0,0,1,0,0,2,0,0,0,0,0,1,0,0,1,1,1,0,1,0,3,3,0,0,0,0,0,0.222222222222222,NA,NA,0,0.111111111111111,0,0.444444444444444,0.555555555555556,NA,0.333333333333333,0.222222222222222,NA,NA,1,1,1,0.666666666666667,NA,NA,0.666666666666667,0.333333333333333,0.666666666666667,0.555555555555556,0.222222222222222,NA,0.333333333333333,0.222222222222222,NA,NA,0,0,0,0,NA,NA,0,0.444444444444444,0,0,0.111111111111111,NA,0,0.222222222222222,NA,NA,0,0,0,0.111111111111111,NA,NA,0.333333333333333,0.111111111111111,0.333333333333333,0,0.111111111111111,NA,0.333333333333333,0.333333333333333,NA,NA
"67",3,3,9,3,0,0,3,9,3,9,9,9,0,9,3,0,0,1,0,0,0,0,0,1,2,1,4,3,0,5,3,0,0,0,4,1,0,0,1,4,1,4,3,5,0,6,1,0,0.0416666666666667,0.0416666666666667,0.125,0.0416666666666667,0,0,0.0416666666666667,0.125,0.0416666666666667,0.125,0.125,0.125,0,0.125,0.0416666666666667,0,0,0.333333333333333,0,0,NA,NA,0,0.111111111111111,0.666666666666667,0.111111111111111,0.444444444444444,0.333333333333333,NA,0.555555555555556,1,NA,0,0,0.444444444444444,0.333333333333333,NA,NA,0.333333333333333,0.444444444444444,0.333333333333333,0.444444444444444,0.333333333333333,0.555555555555556,NA,0.666666666666667,0.333333333333333,NA,0,0,4,1,0,0,1,3,1,4,3,3,0,3,0,0,3,2,5,2,0,0,2,5,0,4,2,3,0,1,0,0,0,0,0,0,0,0,0,1,0,0,0,2,0,3,1,0,0,1,0,0,0,0,0,0,2,1,4,1,0,2,2,0,0,0,0.444444444444444,0.333333333333333,NA,NA,0.333333333333333,0.333333333333333,0.333333333333333,0.444444444444444,0.333333333333333,0.333333333333333,NA,0.333333333333333,0,NA,1,0.666666666666667,0.555555555555556,0.666666666666667,NA,NA,0.666666666666667,0.555555555555556,0,0.444444444444444,0.222222222222222,0.333333333333333,NA,0.111111111111111,0,NA,0,0,0,0,NA,NA,0,0.111111111111111,0,0,0,0.222222222222222,NA,0.333333333333333,0.333333333333333,NA,0,0.333333333333333,0,0,NA,NA,0,0,0.666666666666667,0.111111111111111,0.444444444444444,0.111111111111111,NA,0.222222222222222,0.666666666666667,NA
"68",3,3,3,9,0,0,3,3,9,9,9,0,3,9,9,0,0,0,0,1,0,0,1,3,1,1,1,0,0,4,5,0,0,0,0,2,0,0,1,1,3,3,3,0,2,5,6,0,0.0416666666666667,0.0416666666666667,0.0416666666666667,0.125,0,0,0.0416666666666667,0.0416666666666667,0.125,0.125,0.125,0,0.0416666666666667,0.125,0.125,0,0,0,0,0.111111111111111,NA,NA,0.333333333333333,1,0.111111111111111,0.111111111111111,0.111111111111111,NA,0,0.444444444444444,0.555555555555556,NA,0,0,0,0.222222222222222,NA,NA,0.333333333333333,0.333333333333333,0.333333333333333,0.333333333333333,0.333333333333333,NA,0.666666666666667,0.555555555555556,0.666666666666667,NA,0,0,0,2,0,0,1,0,2,3,2,0,2,2,3,0,3,3,3,6,0,0,1,0,6,5,6,0,1,3,1,0,0,0,0,0,0,0,0,1,1,0,1,0,0,3,3,0,0,0,0,1,0,0,1,2,0,1,0,0,0,1,2,0,0,0,0,0.222222222222222,NA,NA,0.333333333333333,0,0.222222222222222,0.333333333333333,0.222222222222222,NA,0.666666666666667,0.222222222222222,0.333333333333333,NA,1,1,1,0.666666666666667,NA,NA,0.333333333333333,0,0.666666666666667,0.555555555555556,0.666666666666667,NA,0.333333333333333,0.333333333333333,0.111111111111111,NA,0,0,0,0,NA,NA,0,0.333333333333333,0.111111111111111,0,0.111111111111111,NA,0,0.333333333333333,0.333333333333333,NA,0,0,0,0.111111111111111,NA,NA,0.333333333333333,0.666666666666667,0,0.111111111111111,0,NA,0,0.111111111111111,0.222222222222222,NA
"69",3,6,3,6,0,0,6,9,3,9,9,0,3,9,6,0,0,0,0,1,0,0,0,2,0,1,2,0,0,4,4,0,0,2,1,2,0,0,1,5,0,1,3,0,1,4,4,0,0.0416666666666667,0.0833333333333333,0.0416666666666667,0.0833333333333333,0,0,0.0833333333333333,0.125,0.0416666666666667,0.125,0.125,0,0.0416666666666667,0.125,0.0833333333333333,0,0,0,0,0.166666666666667,NA,NA,0,0.222222222222222,0,0.111111111111111,0.222222222222222,NA,0,0.444444444444444,0.666666666666667,NA,0,0.333333333333333,0.333333333333333,0.333333333333333,NA,NA,0.166666666666667,0.555555555555556,0,0.111111111111111,0.333333333333333,NA,0.333333333333333,0.444444444444444,0.666666666666667,NA,0,2,1,2,0,0,1,4,0,1,2,0,1,3,2,0,3,4,2,3,0,0,5,3,3,7,5,0,2,2,0,0,0,0,0,0,0,0,0,1,0,0,1,0,0,1,2,0,0,0,0,1,0,0,0,1,0,1,1,0,0,3,2,0,0,0.333333333333333,0.333333333333333,0.333333333333333,NA,NA,0.166666666666667,0.444444444444444,0,0.111111111111111,0.222222222222222,NA,0.333333333333333,0.333333333333333,0.333333333333333,NA,1,0.666666666666667,0.666666666666667,0.5,NA,NA,0.833333333333333,0.333333333333333,1,0.777777777777778,0.555555555555556,NA,0.666666666666667,0.222222222222222,0,NA,0,0,0,0,NA,NA,0,0.111111111111111,0,0,0.111111111111111,NA,0,0.111111111111111,0.333333333333333,NA,0,0,0,0.166666666666667,NA,NA,0,0.111111111111111,0,0.111111111111111,0.111111111111111,NA,0,0.333333333333333,0.333333333333333,NA
"70",3,9,3,6,3,9,9,9,3,9,3,0,0,6,0,0,0,0,1,1,0,1,0,3,0,2,3,0,0,4,0,0,0,4,1,1,1,3,3,8,0,2,3,0,0,4,0,0,0.0416666666666667,0.125,0.0416666666666667,0.0833333333333333,0.0416666666666667,0.125,0.125,0.125,0.0416666666666667,0.125,0.0416666666666667,0,0,0.0833333333333333,0,0,0,0,0.333333333333333,0.166666666666667,0,0.111111111111111,0,0.333333333333333,0,0.222222222222222,1,NA,NA,0.666666666666667,NA,NA,0,0.444444444444444,0.333333333333333,0.166666666666667,0.333333333333333,0.333333333333333,0.333333333333333,0.888888888888889,0,0.222222222222222,1,NA,NA,0.666666666666667,NA,NA,0,4,0,1,1,2,3,5,0,1,0,0,0,1,0,0,3,5,2,4,2,6,6,1,3,6,0,0,0,1,0,0,0,0,1,0,0,1,0,3,0,1,3,0,0,3,0,0,0,0,0,1,0,0,0,0,0,1,0,0,0,1,0,0,0,0.444444444444444,0,0.166666666666667,0.333333333333333,0.222222222222222,0.333333333333333,0.555555555555556,0,0.111111111111111,0,NA,NA,0.166666666666667,NA,NA,1,0.555555555555556,0.666666666666667,0.666666666666667,0.666666666666667,0.666666666666667,0.666666666666667,0.111111111111111,1,0.666666666666667,0,NA,NA,0.166666666666667,NA,NA,0,0,0.333333333333333,0,0,0.111111111111111,0,0.333333333333333,0,0.111111111111111,1,NA,NA,0.5,NA,NA,0,0,0,0.166666666666667,0,0,0,0,0,0.111111111111111,0,NA,NA,0.166666666666667,NA,NA
"71",3,3,3,3,0,3,9,9,3,9,3,0,9,6,0,0,0,0,0,0,0,0,1,2,0,1,3,0,2,4,0,0,0,0,0,1,0,1,2,6,0,3,2,0,1,4,0,0,0.0476190476190476,0.0476190476190476,0.0476190476190476,0.0476190476190476,0,0.0476190476190476,0.142857142857143,0.142857142857143,0.0476190476190476,0.142857142857143,0.0476190476190476,0,0.142857142857143,0.0952380952380952,0,0,0,0,0,0,NA,0,0.111111111111111,0.222222222222222,0,0.111111111111111,1,NA,0.222222222222222,0.666666666666667,NA,NA,0,0,0,0.333333333333333,NA,0.333333333333333,0.222222222222222,0.666666666666667,0,0.333333333333333,0.666666666666667,NA,0.111111111111111,0.666666666666667,NA,NA,0,0,0,1,0,1,2,5,0,2,0,0,1,1,0,0,3,3,3,2,0,2,6,2,3,6,0,0,6,1,0,0,0,0,0,0,0,0,0,1,0,1,2,0,0,3,0,0,0,0,0,0,0,0,1,1,0,0,1,0,2,1,0,0,0,0,0,0.333333333333333,NA,0.333333333333333,0.222222222222222,0.555555555555556,0,0.222222222222222,0,NA,0.111111111111111,0.166666666666667,NA,NA,1,1,1,0.666666666666667,NA,0.666666666666667,0.666666666666667,0.222222222222222,1,0.666666666666667,0,NA,0.666666666666667,0.166666666666667,NA,NA,0,0,0,0,NA,0,0,0.111111111111111,0,0.111111111111111,0.666666666666667,NA,0,0.5,NA,NA,0,0,0,0,NA,0,0.111111111111111,0.111111111111111,0,0,0.333333333333333,NA,0.222222222222222,0.166666666666667,NA,NA
"72",3,3,3,3,0,0,0,3,3,0,3,3,9,9,9,9,0,0,0,0,0,0,0,0,0,0,0,1,1,1,3,3,1,0,0,1,0,0,0,1,1,0,1,1,2,8,5,6,0.05,0.05,0.05,0.05,0,0,0,0.05,0.05,0,0.05,0.05,0.15,0.15,0.15,0.15,0,0,0,0,NA,NA,NA,0,0,NA,0,0.333333333333333,0.111111111111111,0.111111111111111,0.333333333333333,0.333333333333333,0.333333333333333,0,0,0.333333333333333,NA,NA,NA,0.333333333333333,0.333333333333333,NA,0.333333333333333,0.333333333333333,0.222222222222222,0.888888888888889,0.555555555555556,0.666666666666667,1,0,0,1,0,0,0,1,1,0,1,0,1,8,3,5,2,3,3,2,0,0,0,2,2,0,2,2,7,0,3,1,0,0,0,0,0,0,0,0,0,0,0,1,1,0,2,1,0,0,0,0,0,0,0,0,0,0,0,0,0,1,1,2,0.333333333333333,0,0,0.333333333333333,NA,NA,NA,0.333333333333333,0.333333333333333,NA,0.333333333333333,0,0.111111111111111,0.888888888888889,0.333333333333333,0.555555555555556,0.666666666666667,1,1,0.666666666666667,NA,NA,NA,0.666666666666667,0.666666666666667,NA,0.666666666666667,0.666666666666667,0.777777777777778,0,0.333333333333333,0.111111111111111,0,0,0,0,NA,NA,NA,0,0,NA,0,0.333333333333333,0.111111111111111,0,0.222222222222222,0.111111111111111,0,0,0,0,NA,NA,NA,0,0,NA,0,0,0,0.111111111111111,0.111111111111111,0.222222222222222
"73",9,9,3,6,0,3,9,9,0,6,6,6,0,6,0,0,0,3,0,1,0,0,1,3,0,0,3,4,0,1,0,0,0,0,0,0,0,0,5,3,0,2,6,4,0,3,0,0,0.125,0.125,0.0416666666666667,0.0833333333333333,0,0.0416666666666667,0.125,0.125,0,0.0833333333333333,0.0833333333333333,0.0833333333333333,0,0.0833333333333333,0,0,0,0.333333333333333,0,0.166666666666667,NA,0,0.111111111111111,0.333333333333333,NA,0,0.5,0.666666666666667,NA,0.166666666666667,NA,NA,0,0,0,0,NA,0,0.555555555555556,0.333333333333333,NA,0.333333333333333,1,0.666666666666667,NA,0.5,NA,NA,0,0,0,0,0,0,4,2,0,2,3,1,0,2,0,0,9,6,3,5,0,3,4,4,0,4,0,1,0,3,0,0,0,0,0,0,0,0,1,1,0,0,3,3,0,1,0,0,0,3,0,1,0,0,0,2,0,0,0,1,0,0,0,0,0,0,0,0,NA,0,0.444444444444444,0.222222222222222,NA,0.333333333333333,0.5,0.166666666666667,NA,0.333333333333333,NA,NA,1,0.666666666666667,1,0.833333333333333,NA,1,0.444444444444444,0.444444444444444,NA,0.666666666666667,0,0.166666666666667,NA,0.5,NA,NA,0,0,0,0,NA,0,0.111111111111111,0.111111111111111,NA,0,0.5,0.5,NA,0.166666666666667,NA,NA,0,0.333333333333333,0,0.166666666666667,NA,0,0,0.222222222222222,NA,0,0,0.166666666666667,NA,0,NA,NA
"74",3,3,3,9,0,0,6,3,9,6,9,0,9,9,0,0,0,0,1,0,0,0,0,3,0,0,1,0,5,3,0,0,0,0,0,2,0,0,2,2,4,2,6,0,5,5,0,0,0.0434782608695652,0.0434782608695652,0.0434782608695652,0.130434782608696,0,0,0.0869565217391304,0.0434782608695652,0.130434782608696,0.0869565217391304,0.130434782608696,0,0.130434782608696,0.130434782608696,0,0,0,0,0.333333333333333,0,NA,NA,0,1,0,0,0.111111111111111,NA,0.555555555555556,0.333333333333333,NA,NA,0,0,0,0.222222222222222,NA,NA,0.333333333333333,0.666666666666667,0.444444444444444,0.333333333333333,0.666666666666667,NA,0.555555555555556,0.555555555555556,NA,NA,0,0,0,2,0,0,2,0,4,2,5,0,2,2,0,0,3,3,2,7,0,0,4,0,5,4,3,0,2,4,0,0,0,0,0,0,0,0,0,2,0,0,1,0,3,3,0,0,0,0,1,0,0,0,0,1,0,0,0,0,2,0,0,0,0,0,0,0.222222222222222,NA,NA,0.333333333333333,0,0.444444444444444,0.333333333333333,0.555555555555556,NA,0.222222222222222,0.222222222222222,NA,NA,1,1,0.666666666666667,0.777777777777778,NA,NA,0.666666666666667,0,0.555555555555556,0.666666666666667,0.333333333333333,NA,0.222222222222222,0.444444444444444,NA,NA,0,0,0,0,NA,NA,0,0.666666666666667,0,0,0.111111111111111,NA,0.333333333333333,0.333333333333333,NA,NA,0,0,0.333333333333333,0,NA,NA,0,0.333333333333333,0,0,0,NA,0.222222222222222,0,NA,NA
"75",3,3,3,9,0,6,9,3,9,3,9,0,3,9,0,0,0,0,0,0,0,1,1,3,2,0,4,0,1,0,0,0,0,0,0,3,0,2,1,2,2,1,5,0,1,8,0,0,0.0434782608695652,0.0434782608695652,0.0434782608695652,0.130434782608696,0,0.0869565217391304,0.130434782608696,0.0434782608695652,0.130434782608696,0.0434782608695652,0.130434782608696,0,0.0434782608695652,0.130434782608696,0,0,0,0,0,0,NA,0.166666666666667,0.111111111111111,1,0.222222222222222,0,0.444444444444444,NA,0.333333333333333,0,NA,NA,0,0,0,0.333333333333333,NA,0.333333333333333,0.111111111111111,0.666666666666667,0.222222222222222,0.333333333333333,0.555555555555556,NA,0.333333333333333,0.888888888888889,NA,NA,0,0,0,3,0,2,1,0,2,1,3,0,0,8,0,0,3,3,3,6,0,3,7,0,5,2,2,0,2,1,0,0,0,0,0,0,0,0,0,2,0,0,2,0,1,0,0,0,0,0,0,0,0,1,1,1,2,0,2,0,0,0,0,0,0,0,0,0.333333333333333,NA,0.333333333333333,0.111111111111111,0,0.222222222222222,0.333333333333333,0.333333333333333,NA,0,0.888888888888889,NA,NA,1,1,1,0.666666666666667,NA,0.5,0.777777777777778,0,0.555555555555556,0.666666666666667,0.222222222222222,NA,0.666666666666667,0.111111111111111,NA,NA,0,0,0,0,NA,0,0,0.666666666666667,0,0,0.222222222222222,NA,0.333333333333333,0,NA,NA,0,0,0,0,NA,0.166666666666667,0.111111111111111,0.333333333333333,0.222222222222222,0,0.222222222222222,NA,0,0,NA,NA
"76",3,6,3,6,0,0,0,9,9,3,9,9,6,9,0,0,0,0,0,0,0,0,0,3,1,0,2,2,3,1,0,0,0,2,0,2,0,0,0,4,1,1,5,5,2,5,0,0,0.0416666666666667,0.0833333333333333,0.0416666666666667,0.0833333333333333,0,0,0,0.125,0.125,0.0416666666666667,0.125,0.125,0.0833333333333333,0.125,0,0,0,0,0,0,NA,NA,NA,0.333333333333333,0.111111111111111,0,0.222222222222222,0.222222222222222,0.5,0.111111111111111,NA,NA,0,0.333333333333333,0,0.333333333333333,NA,NA,NA,0.444444444444444,0.111111111111111,0.333333333333333,0.555555555555556,0.555555555555556,0.333333333333333,0.555555555555556,NA,NA,0,2,0,2,0,0,0,2,1,1,4,4,1,4,0,0,3,4,3,4,0,0,0,4,7,2,3,3,2,4,0,0,0,0,0,0,0,0,0,2,0,0,1,1,1,1,0,0,0,0,0,0,0,0,0,1,1,0,1,1,2,0,0,0,0,0.333333333333333,0,0.333333333333333,NA,NA,NA,0.222222222222222,0.111111111111111,0.333333333333333,0.444444444444444,0.444444444444444,0.166666666666667,0.444444444444444,NA,NA,1,0.666666666666667,1,0.666666666666667,NA,NA,NA,0.444444444444444,0.777777777777778,0.666666666666667,0.333333333333333,0.333333333333333,0.333333333333333,0.444444444444444,NA,NA,0,0,0,0,NA,NA,NA,0.222222222222222,0,0,0.111111111111111,0.111111111111111,0.166666666666667,0.111111111111111,NA,NA,0,0,0,0,NA,NA,NA,0.111111111111111,0.111111111111111,0,0.111111111111111,0.111111111111111,0.333333333333333,0,NA,NA
"77",3,3,3,9,0,3,3,9,9,9,9,0,6,0,3,0,0,1,0,1,0,0,0,5,0,2,2,0,2,0,2,0,0,0,1,3,0,0,1,7,5,5,5,0,2,0,2,0,0.0434782608695652,0.0434782608695652,0.0434782608695652,0.130434782608696,0,0.0434782608695652,0.0434782608695652,0.130434782608696,0.130434782608696,0.130434782608696,0.130434782608696,0,0.0869565217391304,0,0.0434782608695652,0,0,0.333333333333333,0,0.111111111111111,NA,0,0,0.555555555555556,0,0.222222222222222,0.222222222222222,NA,0.333333333333333,NA,0.666666666666667,NA,0,0,0.333333333333333,0.333333333333333,NA,0,0.333333333333333,0.777777777777778,0.555555555555556,0.555555555555556,0.555555555555556,NA,0.333333333333333,NA,0.666666666666667,NA,0,0,1,3,0,0,1,3,5,4,4,0,0,0,0,0,3,2,2,5,0,3,2,1,4,3,3,0,4,0,1,0,0,0,0,0,0,0,0,4,0,1,1,0,2,0,2,0,0,1,0,1,0,0,0,1,0,1,1,0,0,0,0,0,0,0,0.333333333333333,0.333333333333333,NA,0,0.333333333333333,0.333333333333333,0.555555555555556,0.444444444444444,0.444444444444444,NA,0,NA,0,NA,1,0.666666666666667,0.666666666666667,0.555555555555556,NA,1,0.666666666666667,0.111111111111111,0.444444444444444,0.333333333333333,0.333333333333333,NA,0.666666666666667,NA,0.333333333333333,NA,0,0,0,0,NA,0,0,0.444444444444444,0,0.111111111111111,0.111111111111111,NA,0.333333333333333,NA,0.666666666666667,NA,0,0.333333333333333,0,0.111111111111111,NA,0,0,0.111111111111111,0,0.111111111111111,0.111111111111111,NA,0,NA,0,NA
"78",3,3,3,3,3,0,3,9,6,9,9,0,9,9,0,0,0,0,1,0,0,0,0,3,2,2,2,0,2,4,0,0,0,1,1,0,0,0,0,5,0,1,8,0,2,6,0,0,0.0434782608695652,0.0434782608695652,0.0434782608695652,0.0434782608695652,0.0434782608695652,0,0.0434782608695652,0.130434782608696,0.0869565217391304,0.130434782608696,0.130434782608696,0,0.130434782608696,0.130434782608696,0,0,0,0,0.333333333333333,0,0,NA,0,0.333333333333333,0.333333333333333,0.222222222222222,0.222222222222222,NA,0.222222222222222,0.444444444444444,NA,NA,0,0.333333333333333,0.333333333333333,0,0,NA,0,0.555555555555556,0,0.111111111111111,0.888888888888889,NA,0.222222222222222,0.666666666666667,NA,NA,0,1,0,0,0,0,0,5,0,1,6,0,1,4,0,0,3,2,2,3,3,0,3,1,4,6,1,0,6,1,0,0,0,0,1,0,0,0,0,0,0,0,2,0,1,2,0,0,0,0,0,0,0,0,0,3,2,2,0,0,1,2,0,0,0,0.333333333333333,0,0,0,NA,0,0.555555555555556,0,0.111111111111111,0.666666666666667,NA,0.111111111111111,0.444444444444444,NA,NA,1,0.666666666666667,0.666666666666667,1,1,NA,1,0.111111111111111,0.666666666666667,0.666666666666667,0.111111111111111,NA,0.666666666666667,0.111111111111111,NA,NA,0,0,0.333333333333333,0,0,NA,0,0,0,0,0.222222222222222,NA,0.111111111111111,0.222222222222222,NA,NA,0,0,0,0,0,NA,0,0.333333333333333,0.333333333333333,0.222222222222222,0,NA,0.111111111111111,0.222222222222222,NA,NA
"79",3,3,3,9,0,0,3,0,9,9,9,0,6,9,0,0,0,1,0,0,0,0,0,0,2,1,3,0,1,4,0,0,0,0,0,5,0,0,1,0,4,4,5,0,1,6,0,0,0.0476190476190476,0.0476190476190476,0.0476190476190476,0.142857142857143,0,0,0.0476190476190476,0,0.142857142857143,0.142857142857143,0.142857142857143,0,0.0952380952380952,0.142857142857143,0,0,0,0.333333333333333,0,0,NA,NA,0,NA,0.222222222222222,0.111111111111111,0.333333333333333,NA,0.166666666666667,0.444444444444444,NA,NA,0,0,0,0.555555555555556,NA,NA,0.333333333333333,NA,0.444444444444444,0.444444444444444,0.555555555555556,NA,0.166666666666667,0.666666666666667,NA,NA,0,0,0,5,0,0,1,0,3,4,4,0,1,3,0,0,3,2,3,4,0,0,2,0,4,4,2,0,4,2,0,0,0,0,0,0,0,0,0,0,1,0,1,0,0,3,0,0,0,1,0,0,0,0,0,0,1,1,2,0,1,1,0,0,0,0,0,0.555555555555556,NA,NA,0.333333333333333,NA,0.333333333333333,0.444444444444444,0.444444444444444,NA,0.166666666666667,0.333333333333333,NA,NA,1,0.666666666666667,1,0.444444444444444,NA,NA,0.666666666666667,NA,0.444444444444444,0.444444444444444,0.222222222222222,NA,0.666666666666667,0.222222222222222,NA,NA,0,0,0,0,NA,NA,0,NA,0.111111111111111,0,0.111111111111111,NA,0,0.333333333333333,NA,NA,0,0.333333333333333,0,0,NA,NA,0,NA,0.111111111111111,0.111111111111111,0.222222222222222,NA,0.166666666666667,0.111111111111111,NA,NA
"80",3,3,6,6,0,0,9,9,3,9,9,9,3,0,3,0,0,0,0,1,0,0,0,3,0,1,2,3,0,0,3,0,0,1,2,2,0,0,3,4,1,5,4,7,0,0,1,0,0.0416666666666667,0.0416666666666667,0.0833333333333333,0.0833333333333333,0,0,0.125,0.125,0.0416666666666667,0.125,0.125,0.125,0.0416666666666667,0,0.0416666666666667,0,0,0,0,0.166666666666667,NA,NA,0,0.333333333333333,0,0.111111111111111,0.222222222222222,0.333333333333333,0,NA,1,NA,0,0.333333333333333,0.333333333333333,0.333333333333333,NA,NA,0.333333333333333,0.444444444444444,0.333333333333333,0.555555555555556,0.444444444444444,0.777777777777778,0,NA,0.333333333333333,NA,0,1,2,1,0,0,3,2,1,5,2,6,0,0,0,0,3,2,4,4,0,0,6,4,2,3,5,0,3,0,0,0,0,0,0,1,0,0,0,2,0,0,2,1,0,0,1,0,0,0,0,0,0,0,0,1,0,1,0,2,0,0,2,0,0,0.333333333333333,0.333333333333333,0.166666666666667,NA,NA,0.333333333333333,0.222222222222222,0.333333333333333,0.555555555555556,0.222222222222222,0.666666666666667,0,NA,0,NA,1,0.666666666666667,0.666666666666667,0.666666666666667,NA,NA,0.666666666666667,0.444444444444444,0.666666666666667,0.333333333333333,0.555555555555556,0,1,NA,0,NA,0,0,0,0.166666666666667,NA,NA,0,0.222222222222222,0,0,0.222222222222222,0.111111111111111,0,NA,0.333333333333333,NA,0,0,0,0,NA,NA,0,0.111111111111111,0,0.111111111111111,0,0.222222222222222,0,NA,0.666666666666667,NA
"81",3,3,3,6,0,0,9,9,0,3,9,6,9,9,0,3,0,0,0,2,0,0,1,4,0,1,3,3,2,3,0,2,0,0,0,1,0,0,4,7,0,1,6,4,3,7,0,0,0.0416666666666667,0.0416666666666667,0.0416666666666667,0.0833333333333333,0,0,0.125,0.125,0,0.0416666666666667,0.125,0.0833333333333333,0.125,0.125,0,0.0416666666666667,0,0,0,0.333333333333333,NA,NA,0.111111111111111,0.444444444444444,NA,0.333333333333333,0.333333333333333,0.5,0.222222222222222,0.333333333333333,NA,0.666666666666667,0,0,0,0.166666666666667,NA,NA,0.444444444444444,0.777777777777778,NA,0.333333333333333,0.666666666666667,0.666666666666667,0.333333333333333,0.777777777777778,NA,0,0,0,0,1,0,0,3,3,0,1,3,2,2,6,0,0,3,3,3,3,0,0,5,2,0,1,3,1,5,0,0,1,0,0,0,0,0,0,1,4,0,0,3,2,1,1,0,0,0,0,0,2,0,0,0,0,0,1,0,1,1,2,0,2,0,0,0,0.166666666666667,NA,NA,0.333333333333333,0.333333333333333,NA,0.333333333333333,0.333333333333333,0.333333333333333,0.222222222222222,0.666666666666667,NA,0,1,1,1,0.5,NA,NA,0.555555555555556,0.222222222222222,NA,0.333333333333333,0.333333333333333,0.166666666666667,0.555555555555556,0,NA,0.333333333333333,0,0,0,0,NA,NA,0.111111111111111,0.444444444444444,NA,0,0.333333333333333,0.333333333333333,0.111111111111111,0.111111111111111,NA,0,0,0,0,0.333333333333333,NA,NA,0,0,NA,0.333333333333333,0,0.166666666666667,0.111111111111111,0.222222222222222,NA,0.666666666666667
"82",3,3,3,9,0,3,9,9,6,9,3,3,3,9,0,0,0,0,0,0,0,0,2,3,1,1,2,3,1,3,0,0,0,1,0,1,0,1,4,3,2,4,1,2,1,6,0,0,0.0416666666666667,0.0416666666666667,0.0416666666666667,0.125,0,0.0416666666666667,0.125,0.125,0.0833333333333333,0.125,0.0416666666666667,0.0416666666666667,0.0416666666666667,0.125,0,0,0,0,0,0,NA,0,0.222222222222222,0.333333333333333,0.166666666666667,0.111111111111111,0.666666666666667,1,0.333333333333333,0.333333333333333,NA,NA,0,0.333333333333333,0,0.111111111111111,NA,0.333333333333333,0.444444444444444,0.333333333333333,0.333333333333333,0.444444444444444,0.333333333333333,0.666666666666667,0.333333333333333,0.666666666666667,NA,NA,0,1,0,1,0,1,3,3,1,4,0,0,1,5,0,0,3,2,3,8,0,2,4,3,4,4,1,0,1,1,0,0,0,0,0,0,0,0,1,0,1,0,1,2,0,1,0,0,0,0,0,0,0,0,1,3,0,1,1,1,1,2,0,0,0,0.333333333333333,0,0.111111111111111,NA,0.333333333333333,0.333333333333333,0.333333333333333,0.166666666666667,0.444444444444444,0,0,0.333333333333333,0.555555555555556,NA,NA,1,0.666666666666667,1,0.888888888888889,NA,0.666666666666667,0.444444444444444,0.333333333333333,0.666666666666667,0.444444444444444,0.333333333333333,0,0.333333333333333,0.111111111111111,NA,NA,0,0,0,0,NA,0,0.111111111111111,0,0.166666666666667,0,0.333333333333333,0.666666666666667,0,0.111111111111111,NA,NA,0,0,0,0,NA,0,0.111111111111111,0.333333333333333,0,0.111111111111111,0.333333333333333,0.333333333333333,0.333333333333333,0.222222222222222,NA,NA
"83",3,3,3,6,0,3,3,9,3,9,3,0,9,3,9,0,0,0,0,0,0,0,0,1,1,1,1,0,3,3,1,0,0,0,0,2,0,0,1,8,0,1,1,0,5,0,6,0,0.0454545454545455,0.0454545454545455,0.0454545454545455,0.0909090909090909,0,0.0454545454545455,0.0454545454545455,0.136363636363636,0.0454545454545455,0.136363636363636,0.0454545454545455,0,0.136363636363636,0.0454545454545455,0.136363636363636,0,0,0,0,0,NA,0,0,0.111111111111111,0.333333333333333,0.111111111111111,0.333333333333333,NA,0.333333333333333,1,0.111111111111111,NA,0,0,0,0.333333333333333,NA,0,0.333333333333333,0.888888888888889,0,0.111111111111111,0.333333333333333,NA,0.555555555555556,0,0.666666666666667,NA,0,0,0,2,0,0,1,8,0,1,1,0,3,0,5,0,3,3,3,4,0,3,2,0,2,7,1,0,3,0,3,0,0,0,0,0,0,0,0,0,0,0,0,0,2,0,1,0,0,0,0,0,0,0,0,1,1,1,1,0,1,3,0,0,0,0,0,0.333333333333333,NA,0,0.333333333333333,0.888888888888889,0,0.111111111111111,0.333333333333333,NA,0.333333333333333,0,0.555555555555556,NA,1,1,1,0.666666666666667,NA,1,0.666666666666667,0,0.666666666666667,0.777777777777778,0.333333333333333,NA,0.333333333333333,0,0.333333333333333,NA,0,0,0,0,NA,0,0,0,0,0,0,NA,0.222222222222222,0,0.111111111111111,NA,0,0,0,0,NA,0,0,0.111111111111111,0.333333333333333,0.111111111111111,0.333333333333333,NA,0.111111111111111,1,0,NA
"84",3,3,3,3,3,9,9,9,3,3,3,9,9,0,0,0,0,0,0,0,1,2,2,2,0,2,2,5,1,0,0,0,0,1,1,1,1,4,4,4,0,1,2,9,3,0,0,0,0.0434782608695652,0.0434782608695652,0.0434782608695652,0.0434782608695652,0.0434782608695652,0.130434782608696,0.130434782608696,0.130434782608696,0.0434782608695652,0.0434782608695652,0.0434782608695652,0.130434782608696,0.130434782608696,0,0,0,0,0,0,0,0.333333333333333,0.222222222222222,0.222222222222222,0.222222222222222,0,0.666666666666667,0.666666666666667,0.555555555555556,0.111111111111111,NA,NA,NA,0,0.333333333333333,0.333333333333333,0.333333333333333,0.333333333333333,0.444444444444444,0.444444444444444,0.444444444444444,0,0.333333333333333,0.666666666666667,1,0.333333333333333,NA,NA,NA,0,1,1,1,0,3,2,4,0,0,1,4,3,0,0,0,3,2,2,2,2,4,5,3,3,1,0,0,5,0,0,0,0,0,0,0,1,1,2,0,0,1,1,5,0,0,0,0,0,0,0,0,0,1,0,2,0,1,1,0,1,0,0,0,0,0.333333333333333,0.333333333333333,0.333333333333333,0,0.333333333333333,0.222222222222222,0.444444444444444,0,0,0.333333333333333,0.444444444444444,0.333333333333333,NA,NA,NA,1,0.666666666666667,0.666666666666667,0.666666666666667,0.666666666666667,0.444444444444444,0.555555555555556,0.333333333333333,1,0.333333333333333,0,0,0.555555555555556,NA,NA,NA,0,0,0,0,0.333333333333333,0.111111111111111,0.222222222222222,0,0,0.333333333333333,0.333333333333333,0.555555555555556,0,NA,NA,NA,0,0,0,0,0,0.111111111111111,0,0.222222222222222,0,0.333333333333333,0.333333333333333,0,0.111111111111111,NA,NA,NA
"85",3,3,3,3,0,0,9,9,9,9,9,0,9,3,0,0,0,0,0,1,0,0,2,3,1,1,4,0,2,1,0,0,1,0,1,0,0,0,3,5,1,3,5,0,3,1,0,0,0.0434782608695652,0.0434782608695652,0.0434782608695652,0.0434782608695652,0,0,0.130434782608696,0.130434782608696,0.130434782608696,0.130434782608696,0.130434782608696,0,0.130434782608696,0.0434782608695652,0,0,0,0,0,0.333333333333333,NA,NA,0.222222222222222,0.333333333333333,0.111111111111111,0.111111111111111,0.444444444444444,NA,0.222222222222222,0.333333333333333,NA,NA,0.333333333333333,0,0.333333333333333,0,NA,NA,0.333333333333333,0.555555555555556,0.111111111111111,0.333333333333333,0.555555555555556,NA,0.333333333333333,0.333333333333333,NA,NA,1,0,1,0,0,0,3,3,1,3,2,0,2,0,0,0,2,3,2,2,0,0,4,3,7,5,3,0,5,2,0,0,0,0,0,0,0,0,0,2,0,0,3,0,1,1,0,0,0,0,0,1,0,0,2,1,1,1,1,0,1,0,0,0,0.333333333333333,0,0.333333333333333,0,NA,NA,0.333333333333333,0.333333333333333,0.111111111111111,0.333333333333333,0.222222222222222,NA,0.222222222222222,0,NA,NA,0.666666666666667,1,0.666666666666667,0.666666666666667,NA,NA,0.444444444444444,0.333333333333333,0.777777777777778,0.555555555555556,0.333333333333333,NA,0.555555555555556,0.666666666666667,NA,NA,0,0,0,0,NA,NA,0,0.222222222222222,0,0,0.333333333333333,NA,0.111111111111111,0.333333333333333,NA,NA,0,0,0,0.333333333333333,NA,NA,0.222222222222222,0.111111111111111,0.111111111111111,0.111111111111111,0.111111111111111,NA,0.111111111111111,0,NA,NA
"86",3,6,3,9,0,3,9,3,0,9,9,0,9,9,0,0,0,0,0,1,0,0,1,2,0,0,4,0,0,2,0,0,1,2,0,5,0,1,4,2,0,2,9,0,1,4,0,0,0.0416666666666667,0.0833333333333333,0.0416666666666667,0.125,0,0.0416666666666667,0.125,0.0416666666666667,0,0.125,0.125,0,0.125,0.125,0,0,0,0,0,0.111111111111111,NA,0,0.111111111111111,0.666666666666667,NA,0,0.444444444444444,NA,0,0.222222222222222,NA,NA,0.333333333333333,0.333333333333333,0,0.555555555555556,NA,0.333333333333333,0.444444444444444,0.666666666666667,NA,0.222222222222222,1,NA,0.111111111111111,0.444444444444444,NA,NA,1,2,0,5,0,1,3,0,0,2,5,0,1,3,0,0,2,4,3,3,0,2,5,1,0,7,0,0,8,4,0,0,0,0,0,0,0,0,1,2,0,0,4,0,0,1,0,0,0,0,0,1,0,0,0,0,0,0,0,0,0,1,0,0,0.333333333333333,0.333333333333333,0,0.555555555555556,NA,0.333333333333333,0.333333333333333,0,NA,0.222222222222222,0.555555555555556,NA,0.111111111111111,0.333333333333333,NA,NA,0.666666666666667,0.666666666666667,1,0.333333333333333,NA,0.666666666666667,0.555555555555556,0.333333333333333,NA,0.777777777777778,0,NA,0.888888888888889,0.444444444444444,NA,NA,0,0,0,0,NA,0,0.111111111111111,0.666666666666667,NA,0,0.444444444444444,NA,0,0.111111111111111,NA,NA,0,0,0,0.111111111111111,NA,0,0,0,NA,0,0,NA,0,0.111111111111111,NA,NA
"87",3,3,3,3,0,3,9,9,3,9,3,3,9,0,0,0,0,0,1,0,0,1,1,3,0,1,2,2,1,0,0,0,0,0,0,0,0,0,4,5,0,5,3,2,1,0,0,0,0.05,0.05,0.05,0.05,0,0.05,0.15,0.15,0.05,0.15,0.05,0.05,0.15,0,0,0,0,0,0.333333333333333,0,NA,0.333333333333333,0.111111111111111,0.333333333333333,0,0.111111111111111,0.666666666666667,0.666666666666667,0.111111111111111,NA,NA,NA,0,0,0,0,NA,0,0.444444444444444,0.555555555555556,0,0.555555555555556,1,0.666666666666667,0.111111111111111,NA,NA,NA,0,0,0,0,0,0,4,3,0,5,1,1,1,0,0,0,3,3,2,3,0,2,4,3,3,3,0,0,7,0,0,0,0,0,0,0,0,0,0,2,0,0,2,1,0,0,0,0,0,0,1,0,0,1,1,1,0,1,0,1,1,0,0,0,0,0,0,0,NA,0,0.444444444444444,0.333333333333333,0,0.555555555555556,0.333333333333333,0.333333333333333,0.111111111111111,NA,NA,NA,1,1,0.666666666666667,1,NA,0.666666666666667,0.444444444444444,0.333333333333333,1,0.333333333333333,0,0,0.777777777777778,NA,NA,NA,0,0,0,0,NA,0,0,0.222222222222222,0,0,0.666666666666667,0.333333333333333,0,NA,NA,NA,0,0,0.333333333333333,0,NA,0.333333333333333,0.111111111111111,0.111111111111111,0,0.111111111111111,0,0.333333333333333,0.111111111111111,NA,NA,NA
"88",3,3,3,3,0,0,6,9,0,6,9,0,9,9,0,0,0,0,0,0,0,0,1,2,0,0,3,0,0,4,0,0,0,0,0,0,0,0,0,8,0,0,7,0,1,4,0,0,0.05,0.05,0.05,0.05,0,0,0.1,0.15,0,0.1,0.15,0,0.15,0.15,0,0,0,0,0,0,NA,NA,0.166666666666667,0.222222222222222,NA,0,0.333333333333333,NA,0,0.444444444444444,NA,NA,0,0,0,0,NA,NA,0,0.888888888888889,NA,0,0.777777777777778,NA,0.111111111111111,0.444444444444444,NA,NA,0,0,0,0,0,0,0,6,0,0,6,0,1,2,0,0,3,3,3,3,0,0,5,1,0,6,0,0,8,3,0,0,0,0,0,0,0,0,0,2,0,0,1,0,0,2,0,0,0,0,0,0,0,0,1,0,0,0,2,0,0,2,0,0,0,0,0,0,NA,NA,0,0.666666666666667,NA,0,0.666666666666667,NA,0.111111111111111,0.222222222222222,NA,NA,1,1,1,1,NA,NA,0.833333333333333,0.111111111111111,NA,1,0,NA,0.888888888888889,0.333333333333333,NA,NA,0,0,0,0,NA,NA,0,0.222222222222222,NA,0,0.111111111111111,NA,0,0.222222222222222,NA,NA,0,0,0,0,NA,NA,0.166666666666667,0,NA,0,0.222222222222222,NA,0,0.222222222222222,NA,NA
"89",3,3,3,3,0,6,9,9,0,6,6,0,9,9,0,0,0,0,0,1,0,1,0,1,0,0,4,0,1,4,0,0,0,0,0,1,0,2,3,5,0,0,4,0,5,5,0,0,0.0454545454545455,0.0454545454545455,0.0454545454545455,0.0454545454545455,0,0.0909090909090909,0.136363636363636,0.136363636363636,0,0.0909090909090909,0.0909090909090909,0,0.136363636363636,0.136363636363636,0,0,0,0,0,0.333333333333333,NA,0.166666666666667,0,0.111111111111111,NA,0,0.666666666666667,NA,0.111111111111111,0.444444444444444,NA,NA,0,0,0,0.333333333333333,NA,0.333333333333333,0.333333333333333,0.555555555555556,NA,0,0.666666666666667,NA,0.555555555555556,0.555555555555556,NA,NA,0,0,0,0,0,2,3,5,0,0,2,0,5,2,0,0,3,3,3,2,0,3,6,3,0,6,0,0,3,3,0,0,0,0,0,1,0,0,0,0,0,0,2,0,0,3,0,0,0,0,0,0,0,1,0,1,0,0,2,0,1,1,0,0,0,0,0,0,NA,0.333333333333333,0.333333333333333,0.555555555555556,NA,0,0.333333333333333,NA,0.555555555555556,0.222222222222222,NA,NA,1,1,1,0.666666666666667,NA,0.5,0.666666666666667,0.333333333333333,NA,1,0,NA,0.333333333333333,0.333333333333333,NA,NA,0,0,0,0.333333333333333,NA,0,0,0,NA,0,0.333333333333333,NA,0,0.333333333333333,NA,NA,0,0,0,0,NA,0.166666666666667,0,0.111111111111111,NA,0,0.333333333333333,NA,0.111111111111111,0.111111111111111,NA,NA
"90",3,3,3,9,3,0,9,0,9,3,9,0,9,9,3,0,0,0,1,2,0,0,3,0,2,0,1,0,3,2,3,0,1,0,0,5,1,0,1,0,3,0,5,0,0,5,2,0,0.0416666666666667,0.0416666666666667,0.0416666666666667,0.125,0.0416666666666667,0,0.125,0,0.125,0.0416666666666667,0.125,0,0.125,0.125,0.0416666666666667,0,0,0,0.333333333333333,0.222222222222222,0,NA,0.333333333333333,NA,0.222222222222222,0,0.111111111111111,NA,0.333333333333333,0.222222222222222,1,NA,0.333333333333333,0,0,0.555555555555556,0.333333333333333,NA,0.111111111111111,NA,0.333333333333333,0,0.555555555555556,NA,0,0.555555555555556,0.666666666666667,NA,1,0,0,4,1,0,1,0,1,0,4,0,0,5,0,0,2,3,2,3,2,0,5,0,6,3,4,0,6,2,0,0,0,0,0,1,0,0,0,0,2,0,1,0,0,0,2,0,0,0,1,1,0,0,3,0,0,0,0,0,3,2,1,0,0.333333333333333,0,0,0.444444444444444,0.333333333333333,NA,0.111111111111111,NA,0.111111111111111,0,0.444444444444444,NA,0,0.555555555555556,0,NA,0.666666666666667,1,0.666666666666667,0.333333333333333,0.666666666666667,NA,0.555555555555556,NA,0.666666666666667,1,0.444444444444444,NA,0.666666666666667,0.222222222222222,0,NA,0,0,0,0.111111111111111,0,NA,0,NA,0.222222222222222,0,0.111111111111111,NA,0,0,0.666666666666667,NA,0,0,0.333333333333333,0.111111111111111,0,NA,0.333333333333333,NA,0,0,0,NA,0.333333333333333,0.222222222222222,0.333333333333333,NA
"91",3,3,3,3,0,9,9,9,3,3,0,0,9,9,0,0,0,0,0,0,0,0,1,3,0,0,0,0,2,3,0,0,1,0,1,1,0,4,5,8,0,1,0,0,2,7,0,0,0.0476190476190476,0.0476190476190476,0.0476190476190476,0.0476190476190476,0,0.142857142857143,0.142857142857143,0.142857142857143,0.0476190476190476,0.0476190476190476,0,0,0.142857142857143,0.142857142857143,0,0,0,0,0,0,NA,0,0.111111111111111,0.333333333333333,0,0,NA,NA,0.222222222222222,0.333333333333333,NA,NA,0.333333333333333,0,0.333333333333333,0.333333333333333,NA,0.444444444444444,0.555555555555556,0.888888888888889,0,0.333333333333333,NA,NA,0.222222222222222,0.777777777777778,NA,NA,1,0,1,1,0,4,5,6,0,1,0,0,2,4,0,0,2,3,2,2,0,5,3,0,3,2,0,0,5,2,0,0,0,0,0,0,0,0,0,2,0,0,0,0,0,3,0,0,0,0,0,0,0,0,1,1,0,0,0,0,2,0,0,0,0.333333333333333,0,0.333333333333333,0.333333333333333,NA,0.444444444444444,0.555555555555556,0.666666666666667,0,0.333333333333333,NA,NA,0.222222222222222,0.444444444444444,NA,NA,0.666666666666667,1,0.666666666666667,0.666666666666667,NA,0.555555555555556,0.333333333333333,0,1,0.666666666666667,NA,NA,0.555555555555556,0.222222222222222,NA,NA,0,0,0,0,NA,0,0,0.222222222222222,0,0,NA,NA,0,0.333333333333333,NA,NA,0,0,0,0,NA,0,0.111111111111111,0.111111111111111,0,0,NA,NA,0.222222222222222,0,NA,NA
"92",3,3,6,3,0,0,6,9,3,3,9,0,9,9,6,0,0,0,0,0,0,0,2,0,0,1,4,0,1,3,3,0,0,1,2,1,0,0,1,7,1,1,6,0,5,4,3,0,0.0434782608695652,0.0434782608695652,0.0869565217391304,0.0434782608695652,0,0,0.0869565217391304,0.130434782608696,0.0434782608695652,0.0434782608695652,0.130434782608696,0,0.130434782608696,0.130434782608696,0.0869565217391304,0,0,0,0,0,NA,NA,0.333333333333333,0,0,0.333333333333333,0.444444444444444,NA,0.111111111111111,0.333333333333333,0.5,NA,0,0.333333333333333,0.333333333333333,0.333333333333333,NA,NA,0.166666666666667,0.777777777777778,0.333333333333333,0.333333333333333,0.666666666666667,NA,0.555555555555556,0.444444444444444,0.5,NA,0,1,2,1,0,0,0,7,1,0,2,0,5,2,2,0,3,2,4,2,0,0,4,2,2,2,3,0,3,4,1,0,0,0,0,0,0,0,1,0,0,1,4,0,0,2,1,0,0,0,0,0,0,0,1,0,0,0,0,0,1,1,2,0,0,0.333333333333333,0.333333333333333,0.333333333333333,NA,NA,0,0.777777777777778,0.333333333333333,0,0.222222222222222,NA,0.555555555555556,0.222222222222222,0.333333333333333,NA,1,0.666666666666667,0.666666666666667,0.666666666666667,NA,NA,0.666666666666667,0.222222222222222,0.666666666666667,0.666666666666667,0.333333333333333,NA,0.333333333333333,0.444444444444444,0.166666666666667,NA,0,0,0,0,NA,NA,0.166666666666667,0,0,0.333333333333333,0.444444444444444,NA,0,0.222222222222222,0.166666666666667,NA,0,0,0,0,NA,NA,0.166666666666667,0,0,0,0,NA,0.111111111111111,0.111111111111111,0.333333333333333,NA
"93",3,3,3,3,3,0,3,9,9,3,3,0,3,9,9,0,0,1,0,1,0,0,1,2,2,0,1,0,1,3,3,0,0,0,1,0,0,0,0,9,4,0,1,0,1,4,7,0,0.0476190476190476,0.0476190476190476,0.0476190476190476,0.0476190476190476,0.0476190476190476,0,0.0476190476190476,0.142857142857143,0.142857142857143,0.0476190476190476,0.0476190476190476,0,0.0476190476190476,0.142857142857143,0.142857142857143,0,0,0.333333333333333,0,0.333333333333333,0,NA,0.333333333333333,0.222222222222222,0.222222222222222,0,0.333333333333333,NA,0.333333333333333,0.333333333333333,0.333333333333333,NA,0,0,0.333333333333333,0,0,NA,0,1,0.444444444444444,0,0.333333333333333,NA,0.333333333333333,0.444444444444444,0.777777777777778,NA,0,0,1,0,0,0,0,7,3,0,1,0,1,3,4,0,3,2,2,2,3,0,2,0,4,3,1,0,1,3,2,0,0,0,0,0,0,0,0,2,1,0,0,0,0,1,3,0,0,1,0,1,0,0,1,0,1,0,1,0,1,2,0,0,0,0,0.333333333333333,0,0,NA,0,0.777777777777778,0.333333333333333,0,0.333333333333333,NA,0.333333333333333,0.333333333333333,0.444444444444444,NA,1,0.666666666666667,0.666666666666667,0.666666666666667,1,NA,0.666666666666667,0,0.444444444444444,1,0.333333333333333,NA,0.333333333333333,0.333333333333333,0.222222222222222,NA,0,0,0,0,0,NA,0,0.222222222222222,0.111111111111111,0,0,NA,0,0.111111111111111,0.333333333333333,NA,0,0.333333333333333,0,0.333333333333333,0,NA,0.333333333333333,0,0.111111111111111,0,0.333333333333333,NA,0.333333333333333,0.222222222222222,0,NA
"94",3,3,3,9,0,0,3,6,0,9,9,0,9,9,3,0,0,0,0,3,0,0,0,4,0,1,3,0,1,3,2,0,0,0,0,3,0,0,1,2,0,3,4,0,5,5,3,0,0.0454545454545455,0.0454545454545455,0.0454545454545455,0.136363636363636,0,0,0.0454545454545455,0.0909090909090909,0,0.136363636363636,0.136363636363636,0,0.136363636363636,0.136363636363636,0.0454545454545455,0,0,0,0,0.333333333333333,NA,NA,0,0.666666666666667,NA,0.111111111111111,0.333333333333333,NA,0.111111111111111,0.333333333333333,0.666666666666667,NA,0,0,0,0.333333333333333,NA,NA,0.333333333333333,0.333333333333333,NA,0.333333333333333,0.444444444444444,NA,0.555555555555556,0.555555555555556,1,NA,0,0,0,2,0,0,1,1,0,3,2,0,5,4,1,0,3,3,3,4,0,0,2,1,0,5,4,0,3,2,0,0,0,0,0,1,0,0,0,1,0,0,2,0,0,1,2,0,0,0,0,2,0,0,0,3,0,1,1,0,1,2,0,0,0,0,0,0.222222222222222,NA,NA,0.333333333333333,0.166666666666667,NA,0.333333333333333,0.222222222222222,NA,0.555555555555556,0.444444444444444,0.333333333333333,NA,1,1,1,0.444444444444444,NA,NA,0.666666666666667,0.166666666666667,NA,0.555555555555556,0.444444444444444,NA,0.333333333333333,0.222222222222222,0,NA,0,0,0,0.111111111111111,NA,NA,0,0.166666666666667,NA,0,0.222222222222222,NA,0,0.111111111111111,0.666666666666667,NA,0,0,0,0.222222222222222,NA,NA,0,0.5,NA,0.111111111111111,0.111111111111111,NA,0.111111111111111,0.222222222222222,0,NA
"95",3,3,3,3,0,0,3,9,0,3,9,0,9,9,0,0,0,0,0,0,0,0,0,1,0,1,0,0,1,2,0,0,0,0,1,0,0,0,1,7,0,1,6,0,2,6,0,0,0.0555555555555556,0.0555555555555556,0.0555555555555556,0.0555555555555556,0,0,0.0555555555555556,0.166666666666667,0,0.0555555555555556,0.166666666666667,0,0.166666666666667,0.166666666666667,0,0,0,0,0,0,NA,NA,0,0.111111111111111,NA,0.333333333333333,0,NA,0.111111111111111,0.222222222222222,NA,NA,0,0,0.333333333333333,0,NA,NA,0.333333333333333,0.777777777777778,NA,0.333333333333333,0.666666666666667,NA,0.222222222222222,0.666666666666667,NA,NA,0,0,1,0,0,0,1,6,0,0,6,0,2,5,0,0,3,3,2,3,0,0,2,2,0,2,3,0,6,2,0,0,0,0,0,0,0,0,0,1,0,1,0,0,0,1,0,0,0,0,0,0,0,0,0,0,0,0,0,0,1,1,0,0,0,0,0.333333333333333,0,NA,NA,0.333333333333333,0.666666666666667,NA,0,0.666666666666667,NA,0.222222222222222,0.555555555555556,NA,NA,1,1,0.666666666666667,1,NA,NA,0.666666666666667,0.222222222222222,NA,0.666666666666667,0.333333333333333,NA,0.666666666666667,0.222222222222222,NA,NA,0,0,0,0,NA,NA,0,0.111111111111111,NA,0.333333333333333,0,NA,0,0.111111111111111,NA,NA,0,0,0,0,NA,NA,0,0,NA,0,0,NA,0.111111111111111,0.111111111111111,NA,NA
"96",3,3,3,3,0,0,0,3,3,3,9,9,9,9,3,0,0,0,0,1,0,0,0,1,0,0,3,2,2,2,2,0,0,0,0,0,0,0,0,0,0,1,4,6,2,8,2,0,0.05,0.05,0.05,0.05,0,0,0,0.05,0.05,0.05,0.15,0.15,0.15,0.15,0.05,0,0,0,0,0.333333333333333,NA,NA,NA,0.333333333333333,0,0,0.333333333333333,0.222222222222222,0.222222222222222,0.222222222222222,0.666666666666667,NA,0,0,0,0,NA,NA,NA,0,0,0.333333333333333,0.444444444444444,0.666666666666667,0.222222222222222,0.888888888888889,0.666666666666667,NA,0,0,0,0,0,0,0,0,0,1,1,5,2,6,0,0,3,3,3,2,0,0,0,2,3,2,5,2,5,1,1,0,0,0,0,0,0,0,0,0,0,0,3,1,0,2,2,0,0,0,0,1,0,0,0,1,0,0,0,1,2,0,0,0,0,0,0,0,NA,NA,NA,0,0,0.333333333333333,0.111111111111111,0.555555555555556,0.222222222222222,0.666666666666667,0,NA,1,1,1,0.666666666666667,NA,NA,NA,0.666666666666667,1,0.666666666666667,0.555555555555556,0.222222222222222,0.555555555555556,0.111111111111111,0.333333333333333,NA,0,0,0,0,NA,NA,NA,0,0,0,0.333333333333333,0.111111111111111,0,0.222222222222222,0.666666666666667,NA,0,0,0,0.333333333333333,NA,NA,NA,0.333333333333333,0,0,0,0.111111111111111,0.222222222222222,0,0,NA
"97",3,3,3,9,0,0,9,9,3,9,9,3,9,0,3,0,0,0,0,0,0,0,2,2,0,2,1,2,2,0,2,0,0,0,0,4,0,0,3,4,0,5,4,2,5,0,2,0,0.0416666666666667,0.0416666666666667,0.0416666666666667,0.125,0,0,0.125,0.125,0.0416666666666667,0.125,0.125,0.0416666666666667,0.125,0,0.0416666666666667,0,0,0,0,0,NA,NA,0.222222222222222,0.222222222222222,0,0.222222222222222,0.111111111111111,0.666666666666667,0.222222222222222,NA,0.666666666666667,NA,0,0,0,0.444444444444444,NA,NA,0.333333333333333,0.444444444444444,0,0.555555555555556,0.444444444444444,0.666666666666667,0.555555555555556,NA,0.666666666666667,NA,0,0,0,4,0,0,3,3,0,5,3,1,4,0,1,0,3,3,3,5,0,0,4,4,3,2,5,0,3,0,0,0,0,0,0,0,0,0,0,1,0,0,1,1,1,0,1,0,0,0,0,0,0,0,2,1,0,2,0,1,1,0,1,0,0,0,0,0.444444444444444,NA,NA,0.333333333333333,0.333333333333333,0,0.555555555555556,0.333333333333333,0.333333333333333,0.444444444444444,NA,0.333333333333333,NA,1,1,1,0.555555555555556,NA,NA,0.444444444444444,0.444444444444444,1,0.222222222222222,0.555555555555556,0,0.333333333333333,NA,0,NA,0,0,0,0,NA,NA,0,0.111111111111111,0,0,0.111111111111111,0.333333333333333,0.111111111111111,NA,0.333333333333333,NA,0,0,0,0,NA,NA,0.222222222222222,0.111111111111111,0,0.222222222222222,0,0.333333333333333,0.111111111111111,NA,0.333333333333333,NA
"98",3,3,6,3,0,3,9,9,0,6,3,3,9,9,0,0,0,1,1,0,0,0,1,2,0,0,2,2,1,4,0,0,0,0,2,0,0,0,4,5,0,2,3,3,4,6,0,0,0.0454545454545455,0.0454545454545455,0.0909090909090909,0.0454545454545455,0,0.0454545454545455,0.136363636363636,0.136363636363636,0,0.0909090909090909,0.0454545454545455,0.0454545454545455,0.136363636363636,0.136363636363636,0,0,0,0.333333333333333,0.166666666666667,0,NA,0,0.111111111111111,0.222222222222222,NA,0,0.666666666666667,0.666666666666667,0.111111111111111,0.444444444444444,NA,NA,0,0,0.333333333333333,0,NA,0,0.444444444444444,0.555555555555556,NA,0.333333333333333,1,1,0.444444444444444,0.666666666666667,NA,NA,0,0,2,0,0,0,4,4,0,2,1,1,3,4,0,0,3,2,3,3,0,3,4,3,0,4,0,0,5,1,0,0,0,0,0,0,0,0,0,1,0,0,2,2,1,2,0,0,0,1,1,0,0,0,1,1,0,0,0,0,0,2,0,0,0,0,0.333333333333333,0,NA,0,0.444444444444444,0.444444444444444,NA,0.333333333333333,0.333333333333333,0.333333333333333,0.333333333333333,0.444444444444444,NA,NA,1,0.666666666666667,0.5,1,NA,1,0.444444444444444,0.333333333333333,NA,0.666666666666667,0,0,0.555555555555556,0.111111111111111,NA,NA,0,0,0,0,NA,0,0,0.111111111111111,NA,0,0.666666666666667,0.666666666666667,0.111111111111111,0.222222222222222,NA,NA,0,0.333333333333333,0.166666666666667,0,NA,0,0.111111111111111,0.111111111111111,NA,0,0,0,0,0.222222222222222,NA,NA
"99",3,3,3,9,0,9,3,9,3,9,9,0,9,0,3,0,0,0,0,1,0,3,0,1,0,4,0,0,1,0,2,0,0,0,0,3,0,2,1,7,0,4,3,0,2,0,3,0,0.0416666666666667,0.0416666666666667,0.0416666666666667,0.125,0,0.125,0.0416666666666667,0.125,0.0416666666666667,0.125,0.125,0,0.125,0,0.0416666666666667,0,0,0,0,0.111111111111111,NA,0.333333333333333,0,0.111111111111111,0,0.444444444444444,0,NA,0.111111111111111,NA,0.666666666666667,NA,0,0,0,0.333333333333333,NA,0.222222222222222,0.333333333333333,0.777777777777778,0,0.444444444444444,0.333333333333333,NA,0.222222222222222,NA,1,NA,0,0,0,3,0,2,1,6,0,2,3,0,1,0,1,0,3,3,3,5,0,4,2,2,3,3,6,0,7,0,0,0,0,0,0,0,0,0,0,1,0,2,0,0,1,0,2,0,0,0,0,1,0,3,0,0,0,2,0,0,0,0,0,0,0,0,0,0.333333333333333,NA,0.222222222222222,0.333333333333333,0.666666666666667,0,0.222222222222222,0.333333333333333,NA,0.111111111111111,NA,0.333333333333333,NA,1,1,1,0.555555555555556,NA,0.444444444444444,0.666666666666667,0.222222222222222,1,0.333333333333333,0.666666666666667,NA,0.777777777777778,NA,0,NA,0,0,0,0,NA,0,0,0.111111111111111,0,0.222222222222222,0,NA,0.111111111111111,NA,0.666666666666667,NA,0,0,0,0.111111111111111,NA,0.333333333333333,0,0,0,0.222222222222222,0,NA,0,NA,0,NA
"100",3,3,3,9,0,9,9,0,3,9,0,0,9,3,0,0,0,0,0,2,0,1,2,0,0,2,0,0,0,1,0,0,0,0,1,5,0,1,5,0,1,3,0,0,2,1,0,0,0.05,0.05,0.05,0.15,0,0.15,0.15,0,0.05,0.15,0,0,0.15,0.05,0,0,0,0,0,0.222222222222222,NA,0.111111111111111,0.222222222222222,NA,0,0.222222222222222,NA,NA,0,0.333333333333333,NA,NA,0,0,0.333333333333333,0.555555555555556,NA,0.111111111111111,0.555555555555556,NA,0.333333333333333,0.333333333333333,NA,NA,0.222222222222222,0.333333333333333,NA,NA,0,0,1,5,0,1,3,0,1,2,0,0,2,1,0,0,3,3,2,2,0,7,4,0,2,5,0,0,7,1,0,0,0,0,0,0,0,0,2,0,0,1,0,0,0,0,0,0,0,0,0,2,0,1,0,0,0,1,0,0,0,1,0,0,0,0,0.333333333333333,0.555555555555556,NA,0.111111111111111,0.333333333333333,NA,0.333333333333333,0.222222222222222,NA,NA,0.222222222222222,0.333333333333333,NA,NA,1,1,0.666666666666667,0.222222222222222,NA,0.777777777777778,0.444444444444444,NA,0.666666666666667,0.555555555555556,NA,NA,0.777777777777778,0.333333333333333,NA,NA,0,0,0,0,NA,0,0.222222222222222,NA,0,0.111111111111111,NA,NA,0,0,NA,NA,0,0,0,0.222222222222222,NA,0.111111111111111,0,NA,0,0.111111111111111,NA,NA,0,0.333333333333333,NA,NA
"101",3,3,3,9,0,9,9,9,0,9,9,0,0,3,6,0,0,0,0,1,0,2,2,4,0,2,1,0,0,3,4,0,1,1,0,1,0,3,3,9,0,2,4,0,0,2,5,0,0.0416666666666667,0.0416666666666667,0.0416666666666667,0.125,0,0.125,0.125,0.125,0,0.125,0.125,0,0,0.0416666666666667,0.0833333333333333,0,0,0,0,0.111111111111111,NA,0.222222222222222,0.222222222222222,0.444444444444444,NA,0.222222222222222,0.111111111111111,NA,NA,1,0.666666666666667,NA,0.333333333333333,0.333333333333333,0,0.111111111111111,NA,0.333333333333333,0.333333333333333,1,NA,0.222222222222222,0.444444444444444,NA,NA,0.666666666666667,0.833333333333333,NA,1,1,0,1,0,2,2,5,0,1,4,0,0,0,2,0,2,2,3,7,0,5,5,0,0,6,4,0,0,0,0,0,0,0,0,0,0,1,1,4,0,1,0,0,0,2,3,0,0,0,0,1,0,1,1,0,0,1,1,0,0,1,1,0,0.333333333333333,0.333333333333333,0,0.111111111111111,NA,0.222222222222222,0.222222222222222,0.555555555555556,NA,0.111111111111111,0.444444444444444,NA,NA,0,0.333333333333333,NA,0.666666666666667,0.666666666666667,1,0.777777777777778,NA,0.555555555555556,0.555555555555556,0,NA,0.666666666666667,0.444444444444444,NA,NA,0,0,NA,0,0,0,0,NA,0.111111111111111,0.111111111111111,0.444444444444444,NA,0.111111111111111,0,NA,NA,0.666666666666667,0.5,NA,0,0,0,0.111111111111111,NA,0.111111111111111,0.111111111111111,0,NA,0.111111111111111,0.111111111111111,NA,NA,0.333333333333333,0.166666666666667,NA
"102",3,3,6,3,0,9,9,9,3,9,9,0,9,0,0,0,0,0,0,0,0,0,1,2,0,1,6,0,1,0,0,0,0,0,2,0,0,4,1,5,0,6,6,0,3,0,0,0,0.0416666666666667,0.0416666666666667,0.0833333333333333,0.0416666666666667,0,0.125,0.125,0.125,0.0416666666666667,0.125,0.125,0,0.125,0,0,0,0,0,0,0,NA,0,0.111111111111111,0.222222222222222,0,0.111111111111111,0.666666666666667,NA,0.111111111111111,NA,NA,NA,0,0,0.333333333333333,0,NA,0.444444444444444,0.111111111111111,0.555555555555556,0,0.666666666666667,0.666666666666667,NA,0.333333333333333,NA,NA,NA,0,0,2,0,0,4,1,3,0,5,3,0,2,0,0,0,3,3,4,3,0,5,7,4,3,3,0,0,6,0,0,0,0,0,0,0,0,0,0,2,0,1,3,0,1,0,0,0,0,0,0,0,0,0,1,0,0,0,3,0,0,0,0,0,0,0,0.333333333333333,0,NA,0.444444444444444,0.111111111111111,0.333333333333333,0,0.555555555555556,0.333333333333333,NA,0.222222222222222,NA,NA,NA,1,1,0.666666666666667,1,NA,0.555555555555556,0.777777777777778,0.444444444444444,1,0.333333333333333,0,NA,0.666666666666667,NA,NA,NA,0,0,0,0,NA,0,0,0.222222222222222,0,0.111111111111111,0.333333333333333,NA,0.111111111111111,NA,NA,NA,0,0,0,0,NA,0,0.111111111111111,0,0,0,0.333333333333333,NA,0,NA,NA,NA
