"","npts11","npts21","npts31","npts41","npts12","npts22","npts32","npts42","npts13","npts23","npts33","npts43","npts14","npts24","npts34","npts44","ntox11","ntox21","ntox31","ntox41","ntox12","ntox22","ntox32","ntox42","ntox13","ntox23","ntox33","ntox43","ntox14","ntox24","ntox34","ntox44","neff11","neff21","neff31","neff41","neff12","neff22","neff32","neff42","neff13","neff23","neff33","neff43","neff14","neff24","neff34","neff44","ppts11","ppts21","ppts31","ppts41","ppts12","ppts22","ppts32","ppts42","ppts13","ppts23","ppts33","ppts43","ppts14","ppts24","ppts34","ppts44","ptox11","ptox21","ptox31","ptox41","ptox12","ptox22","ptox32","ptox42","ptox13","ptox23","ptox33","ptox43","ptox14","ptox24","ptox34","ptox44","peff11","peff21","peff31","peff41","peff12","peff22","peff32","peff42","peff13","peff23","peff33","peff43","peff14","peff24","peff34","peff44","nct111","nct121","nct131","nct141","nct112","nct122","nct132","nct142","nct113","nct123","nct133","nct143","nct114","nct124","nct134","nct144","nct211","nct221","nct231","nct241","nct212","nct222","nct232","nct242","nct213","nct223","nct233","nct243","nct214","nct224","nct234","nct244","nct311","nct321","nct331","nct341","nct312","nct322","nct332","nct342","nct313","nct323","nct333","nct343","nct314","nct324","nct334","nct344","nct411","nct421","nct431","nct441","nct412","nct422","nct432","nct442","nct413","nct423","nct433","nct443","nct414","nct424","nct434","nct444","pct111","pct121","pct131","pct141","pct112","pct122","pct132","pct142","pct113","pct123","pct133","pct143","pct114","pct124","pct134","pct144","pct211","pct221","pct231","pct241","pct212","pct222","pct232","pct242","pct213","pct223","pct233","pct243","pct214","pct224","pct234","pct244","pct311","pct321","pct331","pct341","pct312","pct322","pct332","pct342","pct313","pct323","pct333","pct343","pct314","pct324","pct334","pct344","pct411","pct421","pct431","pct441","pct412","pct422","pct432","pct442","pct413","pct423","pct433","pct443","pct414","pct424","pct434","pct444"
"1",1,2,3,4,1,2,3,4,1,2,3,4,1,2,3,4,1,2,3,4,1,2,3,4,1,2,3,4,1,2,3,4,1,2,3,4,1,2,3,4,1,2,3,4,1,2,3,4,1,2,3,4,1,2,3,4,1,2,3,4,1,2,3,4,1,2,3,4,1,2,3,4,1,2,3,4,1,2,3,4,1,2,3,4,1,2,3,4,1,2,3,4,1,2,3,4,1,2,3,4,1,2,3,4,1,2,3,4,1,2,3,4,1,2,3,4,1,2,3,4,1,2,3,4,1,2,3,4,1,2,3,4,1,2,3,4,1,2,3,4,1,2,3,4,1,2,3,4,1,2,3,4,1,2,3,4,1,2,3,4,1,2,3,4,1,2,3,4,1,2,3,4,1,2,3,4,1,2,3,4,1,2,3,4,1,2,3,4,1,2,3,4,1,2,3,4,1,2,3,4,1,2,3,4,1,2,3,4,1,2,3,4,1,2,3,4,1,2,3,4,1,2,3,4
"2",1,1,1,1,2,2,2,2,3,3,3,3,4,4,4,4,1,1,1,1,2,2,2,2,3,3,3,3,4,4,4,4,1,1,1,1,2,2,2,2,3,3,3,3,4,4,4,4,1,1,1,1,2,2,2,2,3,3,3,3,4,4,4,4,1,1,1,1,2,2,2,2,3,3,3,3,4,4,4,4,1,1,1,1,2,2,2,2,3,3,3,3,4,4,4,4,1,1,1,1,2,2,2,2,3,3,3,3,4,4,4,4,1,1,1,1,2,2,2,2,3,3,3,3,4,4,4,4,1,1,1,1,2,2,2,2,3,3,3,3,4,4,4,4,1,1,1,1,2,2,2,2,3,3,3,3,4,4,4,4,1,1,1,1,2,2,2,2,3,3,3,3,4,4,4,4,1,1,1,1,2,2,2,2,3,3,3,3,4,4,4,4,1,1,1,1,2,2,2,2,3,3,3,3,4,4,4,4,1,1,1,1,2,2,2,2,3,3,3,3,4,4,4,4
"3",6,6,6,6,6,6,12,12,6,12,0,12,12,0,0,0,0,1,0,1,0,0,0,3,1,1,0,6,2,0,0,0,0,0,1,2,1,0,6,4,2,8,0,7,5,0,0,0,0.0588235294117647,0.0588235294117647,0.0588235294117647,0.0588235294117647,0.0588235294117647,0.0588235294117647,0.117647058823529,0.117647058823529,0.0588235294117647,0.117647058823529,0,0.117647058823529,0.117647058823529,0,0,0,0,0.166666666666667,0,0.166666666666667,0,0,0,0.25,0.166666666666667,0.0833333333333333,NA,0.5,0.166666666666667,NA,NA,NA,0,0,0.166666666666667,0.333333333333333,0.166666666666667,0,0.5,0.333333333333333,0.333333333333333,0.666666666666667,NA,0.583333333333333,0.416666666666667,NA,NA,NA,0,0,1,1,1,0,6,3,1,8,0,3,4,0,0,0,6,5,5,4,5,6,6,6,4,3,0,3,6,0,0,0,0,0,0,1,0,0,0,1,1,0,0,4,1,0,0,0,0,1,0,0,0,0,0,2,0,1,0,2,1,0,0,0,0,0,0.166666666666667,0.166666666666667,0.166666666666667,0,0.5,0.25,0.166666666666667,0.666666666666667,NA,0.25,0.333333333333333,NA,NA,NA,1,0.833333333333333,0.833333333333333,0.666666666666667,0.833333333333333,1,0.5,0.5,0.666666666666667,0.25,NA,0.25,0.5,NA,NA,NA,0,0,0,0.166666666666667,0,0,0,0.0833333333333333,0.166666666666667,0,NA,0.333333333333333,0.0833333333333333,NA,NA,NA,0,0.166666666666667,0,0,0,0,0,0.166666666666667,0,0.0833333333333333,NA,0.166666666666667,0.0833333333333333,NA,NA,NA
"4",6,6,12,0,6,12,0,0,6,12,0,0,12,0,0,0,0,0,1,0,0,0,0,0,1,2,0,0,1,0,0,0,0,0,6,0,2,3,0,0,2,7,0,0,6,0,0,0,0.0833333333333333,0.0833333333333333,0.166666666666667,0,0.0833333333333333,0.166666666666667,0,0,0.0833333333333333,0.166666666666667,0,0,0.166666666666667,0,0,0,0,0,0.0833333333333333,NA,0,0,NA,NA,0.166666666666667,0.166666666666667,NA,NA,0.0833333333333333,NA,NA,NA,0,0,0.5,NA,0.333333333333333,0.25,NA,NA,0.333333333333333,0.583333333333333,NA,NA,0.5,NA,NA,NA,0,0,6,0,2,3,0,0,1,6,0,0,6,0,0,0,6,6,5,0,4,9,0,0,4,4,0,0,5,0,0,0,0,0,0,0,0,0,0,0,1,1,0,0,0,0,0,0,0,0,1,0,0,0,0,0,0,1,0,0,1,0,0,0,0,0,0.5,NA,0.333333333333333,0.25,NA,NA,0.166666666666667,0.5,NA,NA,0.5,NA,NA,NA,1,1,0.416666666666667,NA,0.666666666666667,0.75,NA,NA,0.666666666666667,0.333333333333333,NA,NA,0.416666666666667,NA,NA,NA,0,0,0,NA,0,0,NA,NA,0.166666666666667,0.0833333333333333,NA,NA,0,NA,NA,NA,0,0,0.0833333333333333,NA,0,0,NA,NA,0,0.0833333333333333,NA,NA,0.0833333333333333,NA,NA,NA
"5",6,12,0,0,12,0,0,0,0,0,0,0,0,0,0,0,0,0,0,0,0,0,0,0,0,0,0,0,0,0,0,0,0,6,0,0,6,0,0,0,0,0,0,0,0,0,0,0,0.2,0.4,0,0,0.4,0,0,0,0,0,0,0,0,0,0,0,0,0,NA,NA,0,NA,NA,NA,NA,NA,NA,NA,NA,NA,NA,NA,0,0.5,NA,NA,0.5,NA,NA,NA,NA,NA,NA,NA,NA,NA,NA,NA,0,6,0,0,6,0,0,0,0,0,0,0,0,0,0,0,6,6,0,0,6,0,0,0,0,0,0,0,0,0,0,0,0,0,0,0,0,0,0,0,0,0,0,0,0,0,0,0,0,0,0,0,0,0,0,0,0,0,0,0,0,0,0,0,0,0.5,NA,NA,0.5,NA,NA,NA,NA,NA,NA,NA,NA,NA,NA,NA,1,0.5,NA,NA,0.5,NA,NA,NA,NA,NA,NA,NA,NA,NA,NA,NA,0,0,NA,NA,0,NA,NA,NA,NA,NA,NA,NA,NA,NA,NA,NA,0,0,NA,NA,0,NA,NA,NA,NA,NA,NA,NA,NA,NA,NA,NA
"6",6,6,6,12,12,6,12,6,0,12,0,0,0,0,0,0,0,0,0,1,2,0,2,3,0,0,0,0,0,0,0,0,0,1,1,5,6,0,9,4,0,10,0,0,0,0,0,0,0.0769230769230769,0.0769230769230769,0.0769230769230769,0.153846153846154,0.153846153846154,0.0769230769230769,0.153846153846154,0.0769230769230769,0,0.153846153846154,0,0,0,0,0,0,0,0,0,0.0833333333333333,0.166666666666667,0,0.166666666666667,0.5,NA,0,NA,NA,NA,NA,NA,NA,0,0.166666666666667,0.166666666666667,0.416666666666667,0.5,0,0.75,0.666666666666667,NA,0.833333333333333,NA,NA,NA,NA,NA,NA,0,1,1,4,5,0,8,3,0,10,0,0,0,0,0,0,6,5,5,7,5,6,2,0,0,2,0,0,0,0,0,0,0,0,0,1,1,0,1,1,0,0,0,0,0,0,0,0,0,0,0,0,1,0,1,2,0,0,0,0,0,0,0,0,0,0.166666666666667,0.166666666666667,0.333333333333333,0.416666666666667,0,0.666666666666667,0.5,NA,0.833333333333333,NA,NA,NA,NA,NA,NA,1,0.833333333333333,0.833333333333333,0.583333333333333,0.416666666666667,1,0.166666666666667,0,NA,0.166666666666667,NA,NA,NA,NA,NA,NA,0,0,0,0.0833333333333333,0.0833333333333333,0,0.0833333333333333,0.166666666666667,NA,0,NA,NA,NA,NA,NA,NA,0,0,0,0,0.0833333333333333,0,0.0833333333333333,0.333333333333333,NA,0,NA,NA,NA,NA,NA,NA
"7",6,6,6,12,6,6,12,6,6,12,0,0,12,0,0,0,1,0,1,2,0,0,4,3,0,0,0,0,2,0,0,0,0,1,2,5,1,1,7,5,0,7,0,0,4,0,0,0,0.0666666666666667,0.0666666666666667,0.0666666666666667,0.133333333333333,0.0666666666666667,0.0666666666666667,0.133333333333333,0.0666666666666667,0.0666666666666667,0.133333333333333,0,0,0.133333333333333,0,0,0,0.166666666666667,0,0.166666666666667,0.166666666666667,0,0,0.333333333333333,0.5,0,0,NA,NA,0.166666666666667,NA,NA,NA,0,0.166666666666667,0.333333333333333,0.416666666666667,0.166666666666667,0.166666666666667,0.583333333333333,0.833333333333333,0,0.583333333333333,NA,NA,0.333333333333333,NA,NA,NA,0,1,1,4,1,1,5,2,0,7,0,0,4,0,0,0,5,5,4,6,5,5,3,1,6,5,0,0,6,0,0,0,0,0,1,1,0,0,2,3,0,0,0,0,0,0,0,0,1,0,0,1,0,0,2,0,0,0,0,0,2,0,0,0,0,0.166666666666667,0.166666666666667,0.333333333333333,0.166666666666667,0.166666666666667,0.416666666666667,0.333333333333333,0,0.583333333333333,NA,NA,0.333333333333333,NA,NA,NA,0.833333333333333,0.833333333333333,0.666666666666667,0.5,0.833333333333333,0.833333333333333,0.25,0.166666666666667,1,0.416666666666667,NA,NA,0.5,NA,NA,NA,0,0,0.166666666666667,0.0833333333333333,0,0,0.166666666666667,0.5,0,0,NA,NA,0,NA,NA,NA,0.166666666666667,0,0,0.0833333333333333,0,0,0.166666666666667,0,0,0,NA,NA,0.166666666666667,NA,NA,NA
"8",6,6,6,6,6,6,12,12,6,12,0,0,12,0,0,0,1,0,0,1,1,1,1,3,2,3,0,0,2,0,0,0,1,1,0,2,1,2,9,9,0,7,0,0,5,0,0,0,0.0666666666666667,0.0666666666666667,0.0666666666666667,0.0666666666666667,0.0666666666666667,0.0666666666666667,0.133333333333333,0.133333333333333,0.0666666666666667,0.133333333333333,0,0,0.133333333333333,0,0,0,0.166666666666667,0,0,0.166666666666667,0.166666666666667,0.166666666666667,0.0833333333333333,0.25,0.333333333333333,0.25,NA,NA,0.166666666666667,NA,NA,NA,0.166666666666667,0.166666666666667,0,0.333333333333333,0.166666666666667,0.333333333333333,0.75,0.75,0,0.583333333333333,NA,NA,0.416666666666667,NA,NA,NA,1,1,0,1,1,2,9,7,0,4,0,0,5,0,0,0,4,5,6,4,4,3,2,2,4,5,0,0,5,0,0,0,0,0,0,1,0,0,0,2,0,3,0,0,0,0,0,0,1,0,0,0,1,1,1,1,2,0,0,0,2,0,0,0,0.166666666666667,0.166666666666667,0,0.166666666666667,0.166666666666667,0.333333333333333,0.75,0.583333333333333,0,0.333333333333333,NA,NA,0.416666666666667,NA,NA,NA,0.666666666666667,0.833333333333333,1,0.666666666666667,0.666666666666667,0.5,0.166666666666667,0.166666666666667,0.666666666666667,0.416666666666667,NA,NA,0.416666666666667,NA,NA,NA,0,0,0,0.166666666666667,0,0,0,0.166666666666667,0,0.25,NA,NA,0,NA,NA,NA,0.166666666666667,0,0,0,0.166666666666667,0.166666666666667,0.0833333333333333,0.0833333333333333,0.333333333333333,0,NA,NA,0.166666666666667,NA,NA,NA
"9",6,6,6,12,6,12,12,0,6,12,0,0,12,0,0,0,0,0,0,3,0,1,1,0,1,2,0,0,2,0,0,0,0,1,2,6,2,4,7,0,0,7,0,0,3,0,0,0,0.0666666666666667,0.0666666666666667,0.0666666666666667,0.133333333333333,0.0666666666666667,0.133333333333333,0.133333333333333,0,0.0666666666666667,0.133333333333333,0,0,0.133333333333333,0,0,0,0,0,0,0.25,0,0.0833333333333333,0.0833333333333333,NA,0.166666666666667,0.166666666666667,NA,NA,0.166666666666667,NA,NA,NA,0,0.166666666666667,0.333333333333333,0.5,0.333333333333333,0.333333333333333,0.583333333333333,NA,0,0.583333333333333,NA,NA,0.25,NA,NA,NA,0,1,2,4,2,4,7,0,0,6,0,0,2,0,0,0,6,5,4,5,4,7,4,0,5,4,0,0,8,0,0,0,0,0,0,2,0,0,0,0,0,1,0,0,1,0,0,0,0,0,0,1,0,1,1,0,1,1,0,0,1,0,0,0,0,0.166666666666667,0.333333333333333,0.333333333333333,0.333333333333333,0.333333333333333,0.583333333333333,NA,0,0.5,NA,NA,0.166666666666667,NA,NA,NA,1,0.833333333333333,0.666666666666667,0.416666666666667,0.666666666666667,0.583333333333333,0.333333333333333,NA,0.833333333333333,0.333333333333333,NA,NA,0.666666666666667,NA,NA,NA,0,0,0,0.166666666666667,0,0,0,NA,0,0.0833333333333333,NA,NA,0.0833333333333333,NA,NA,NA,0,0,0,0.0833333333333333,0,0.0833333333333333,0.0833333333333333,NA,0.166666666666667,0.0833333333333333,NA,NA,0.0833333333333333,NA,NA,NA
"10",6,6,12,6,6,6,12,12,6,12,0,0,12,0,0,0,0,0,0,0,0,0,3,4,2,3,0,0,2,0,0,0,0,0,4,1,2,1,7,9,1,9,0,0,3,0,0,0,0.0625,0.0625,0.125,0.0625,0.0625,0.0625,0.125,0.125,0.0625,0.125,0,0,0.125,0,0,0,0,0,0,0,0,0,0.25,0.333333333333333,0.333333333333333,0.25,NA,NA,0.166666666666667,NA,NA,NA,0,0,0.333333333333333,0.166666666666667,0.333333333333333,0.166666666666667,0.583333333333333,0.75,0.166666666666667,0.75,NA,NA,0.25,NA,NA,NA,0,0,4,1,2,1,5,6,1,7,0,0,3,0,0,0,6,6,8,5,4,5,4,2,3,2,0,0,7,0,0,0,0,0,0,0,0,0,2,3,0,2,0,0,0,0,0,0,0,0,0,0,0,0,1,1,2,1,0,0,2,0,0,0,0,0,0.333333333333333,0.166666666666667,0.333333333333333,0.166666666666667,0.416666666666667,0.5,0.166666666666667,0.583333333333333,NA,NA,0.25,NA,NA,NA,1,1,0.666666666666667,0.833333333333333,0.666666666666667,0.833333333333333,0.333333333333333,0.166666666666667,0.5,0.166666666666667,NA,NA,0.583333333333333,NA,NA,NA,0,0,0,0,0,0,0.166666666666667,0.25,0,0.166666666666667,NA,NA,0,NA,NA,NA,0,0,0,0,0,0,0.0833333333333333,0.0833333333333333,0.333333333333333,0.0833333333333333,NA,NA,0.166666666666667,NA,NA,NA
"11",6,6,6,12,12,6,12,6,12,12,0,0,12,12,0,0,0,0,0,0,0,0,1,4,1,1,0,0,5,4,0,0,0,1,1,4,3,1,10,3,2,4,0,0,7,9,0,0,0.0526315789473684,0.0526315789473684,0.0526315789473684,0.105263157894737,0.105263157894737,0.0526315789473684,0.105263157894737,0.0526315789473684,0.105263157894737,0.105263157894737,0,0,0.105263157894737,0.105263157894737,0,0,0,0,0,0,0,0,0.0833333333333333,0.666666666666667,0.0833333333333333,0.0833333333333333,NA,NA,0.416666666666667,0.333333333333333,NA,NA,0,0.166666666666667,0.166666666666667,0.333333333333333,0.25,0.166666666666667,0.833333333333333,0.5,0.166666666666667,0.333333333333333,NA,NA,0.583333333333333,0.75,NA,NA,0,1,1,4,3,1,10,1,2,4,0,0,5,6,0,0,6,5,5,8,9,5,1,1,9,7,0,0,2,2,0,0,0,0,0,0,0,0,0,2,0,0,0,0,2,3,0,0,0,0,0,0,0,0,1,2,1,1,0,0,3,1,0,0,0,0.166666666666667,0.166666666666667,0.333333333333333,0.25,0.166666666666667,0.833333333333333,0.166666666666667,0.166666666666667,0.333333333333333,NA,NA,0.416666666666667,0.5,NA,NA,1,0.833333333333333,0.833333333333333,0.666666666666667,0.75,0.833333333333333,0.0833333333333333,0.166666666666667,0.75,0.583333333333333,NA,NA,0.166666666666667,0.166666666666667,NA,NA,0,0,0,0,0,0,0,0.333333333333333,0,0,NA,NA,0.166666666666667,0.25,NA,NA,0,0,0,0,0,0,0.0833333333333333,0.333333333333333,0.0833333333333333,0.0833333333333333,NA,NA,0.25,0.0833333333333333,NA,NA
"12",6,6,12,0,6,6,0,0,12,12,0,0,12,0,0,0,0,0,1,0,0,1,0,0,1,3,0,0,4,0,0,0,0,2,6,0,0,1,0,0,0,8,0,0,8,0,0,0,0.0833333333333333,0.0833333333333333,0.166666666666667,0,0.0833333333333333,0.0833333333333333,0,0,0.166666666666667,0.166666666666667,0,0,0.166666666666667,0,0,0,0,0,0.0833333333333333,NA,0,0.166666666666667,NA,NA,0.0833333333333333,0.25,NA,NA,0.333333333333333,NA,NA,NA,0,0.333333333333333,0.5,NA,0,0.166666666666667,NA,NA,0,0.666666666666667,NA,NA,0.666666666666667,NA,NA,NA,0,2,5,0,0,1,0,0,0,5,0,0,5,0,0,0,6,4,6,0,6,4,0,0,11,4,0,0,3,0,0,0,0,0,1,0,0,0,0,0,0,3,0,0,3,0,0,0,0,0,0,0,0,1,0,0,1,0,0,0,1,0,0,0,0,0.333333333333333,0.416666666666667,NA,0,0.166666666666667,NA,NA,0,0.416666666666667,NA,NA,0.416666666666667,NA,NA,NA,1,0.666666666666667,0.5,NA,1,0.666666666666667,NA,NA,0.916666666666667,0.333333333333333,NA,NA,0.25,NA,NA,NA,0,0,0.0833333333333333,NA,0,0,NA,NA,0,0.25,NA,NA,0.25,NA,NA,NA,0,0,0,NA,0,0.166666666666667,NA,NA,0.0833333333333333,0,NA,NA,0.0833333333333333,NA,NA,NA
"13",6,6,12,0,6,12,0,0,12,12,0,0,6,0,0,0,0,0,1,0,0,0,0,0,3,4,0,0,3,0,0,0,0,1,8,0,1,3,0,0,4,10,0,0,1,0,0,0,0.0833333333333333,0.0833333333333333,0.166666666666667,0,0.0833333333333333,0.166666666666667,0,0,0.166666666666667,0.166666666666667,0,0,0.0833333333333333,0,0,0,0,0,0.0833333333333333,NA,0,0,NA,NA,0.25,0.333333333333333,NA,NA,0.5,NA,NA,NA,0,0.166666666666667,0.666666666666667,NA,0.166666666666667,0.25,NA,NA,0.333333333333333,0.833333333333333,NA,NA,0.166666666666667,NA,NA,NA,0,1,7,0,1,3,0,0,3,6,0,0,0,0,0,0,6,5,4,0,5,9,0,0,6,2,0,0,3,0,0,0,0,0,1,0,0,0,0,0,1,4,0,0,1,0,0,0,0,0,0,0,0,0,0,0,2,0,0,0,2,0,0,0,0,0.166666666666667,0.583333333333333,NA,0.166666666666667,0.25,NA,NA,0.25,0.5,NA,NA,0,NA,NA,NA,1,0.833333333333333,0.333333333333333,NA,0.833333333333333,0.75,NA,NA,0.5,0.166666666666667,NA,NA,0.5,NA,NA,NA,0,0,0.0833333333333333,NA,0,0,NA,NA,0.0833333333333333,0.333333333333333,NA,NA,0.166666666666667,NA,NA,NA,0,0,0,NA,0,0,NA,NA,0.166666666666667,0,NA,NA,0.333333333333333,NA,NA,NA
"14",6,6,6,12,6,6,12,0,6,12,0,0,12,0,0,0,0,1,0,2,2,1,2,0,2,2,0,0,0,0,0,0,1,1,1,7,1,2,7,0,1,11,0,0,3,0,0,0,0.0714285714285714,0.0714285714285714,0.0714285714285714,0.142857142857143,0.0714285714285714,0.0714285714285714,0.142857142857143,0,0.0714285714285714,0.142857142857143,0,0,0.142857142857143,0,0,0,0,0.166666666666667,0,0.166666666666667,0.333333333333333,0.166666666666667,0.166666666666667,NA,0.333333333333333,0.166666666666667,NA,NA,0,NA,NA,NA,0.166666666666667,0.166666666666667,0.166666666666667,0.583333333333333,0.166666666666667,0.333333333333333,0.583333333333333,NA,0.166666666666667,0.916666666666667,NA,NA,0.25,NA,NA,NA,1,1,1,6,1,2,7,0,1,9,0,0,3,0,0,0,5,4,5,4,3,3,3,0,3,1,0,0,9,0,0,0,0,0,0,1,0,0,0,0,0,2,0,0,0,0,0,0,0,1,0,1,2,1,2,0,2,0,0,0,0,0,0,0,0.166666666666667,0.166666666666667,0.166666666666667,0.5,0.166666666666667,0.333333333333333,0.583333333333333,NA,0.166666666666667,0.75,NA,NA,0.25,NA,NA,NA,0.833333333333333,0.666666666666667,0.833333333333333,0.333333333333333,0.5,0.5,0.25,NA,0.5,0.0833333333333333,NA,NA,0.75,NA,NA,NA,0,0,0,0.0833333333333333,0,0,0,NA,0,0.166666666666667,NA,NA,0,NA,NA,NA,0,0.166666666666667,0,0.0833333333333333,0.333333333333333,0.166666666666667,0.166666666666667,NA,0.333333333333333,0,NA,NA,0,NA,NA,NA
"15",6,6,12,12,6,12,12,0,6,0,0,0,12,0,0,0,0,1,0,1,0,1,1,0,1,0,0,0,2,0,0,0,1,2,4,6,0,7,9,0,0,0,0,0,5,0,0,0,0.0714285714285714,0.0714285714285714,0.142857142857143,0.142857142857143,0.0714285714285714,0.142857142857143,0.142857142857143,0,0.0714285714285714,0,0,0,0.142857142857143,0,0,0,0,0.166666666666667,0,0.0833333333333333,0,0.0833333333333333,0.0833333333333333,NA,0.166666666666667,NA,NA,NA,0.166666666666667,NA,NA,NA,0.166666666666667,0.333333333333333,0.333333333333333,0.5,0,0.583333333333333,0.75,NA,0,NA,NA,NA,0.416666666666667,NA,NA,NA,1,2,4,5,0,7,9,0,0,0,0,0,4,0,0,0,5,3,8,6,6,4,2,0,5,0,0,0,6,0,0,0,0,0,0,1,0,0,0,0,0,0,0,0,1,0,0,0,0,1,0,0,0,1,1,0,1,0,0,0,1,0,0,0,0.166666666666667,0.333333333333333,0.333333333333333,0.416666666666667,0,0.583333333333333,0.75,NA,0,NA,NA,NA,0.333333333333333,NA,NA,NA,0.833333333333333,0.5,0.666666666666667,0.5,1,0.333333333333333,0.166666666666667,NA,0.833333333333333,NA,NA,NA,0.5,NA,NA,NA,0,0,0,0.0833333333333333,0,0,0,NA,0,NA,NA,NA,0.0833333333333333,NA,NA,NA,0,0.166666666666667,0,0,0,0.0833333333333333,0.0833333333333333,NA,0.166666666666667,NA,NA,NA,0.0833333333333333,NA,NA,NA
"16",6,6,12,12,12,6,12,0,12,12,0,0,6,0,0,0,0,0,1,4,1,0,0,0,3,0,0,0,1,0,0,0,0,0,5,6,1,0,7,0,4,10,0,0,2,0,0,0,0.0625,0.0625,0.125,0.125,0.125,0.0625,0.125,0,0.125,0.125,0,0,0.0625,0,0,0,0,0,0.0833333333333333,0.333333333333333,0.0833333333333333,0,0,NA,0.25,0,NA,NA,0.166666666666667,NA,NA,NA,0,0,0.416666666666667,0.5,0.0833333333333333,0,0.583333333333333,NA,0.333333333333333,0.833333333333333,NA,NA,0.333333333333333,NA,NA,NA,0,0,5,4,1,0,7,0,3,10,0,0,2,0,0,0,6,6,6,4,10,6,5,0,6,2,0,0,3,0,0,0,0,0,0,2,0,0,0,0,1,0,0,0,0,0,0,0,0,0,1,2,1,0,0,0,2,0,0,0,1,0,0,0,0,0,0.416666666666667,0.333333333333333,0.0833333333333333,0,0.583333333333333,NA,0.25,0.833333333333333,NA,NA,0.333333333333333,NA,NA,NA,1,1,0.5,0.333333333333333,0.833333333333333,1,0.416666666666667,NA,0.5,0.166666666666667,NA,NA,0.5,NA,NA,NA,0,0,0,0.166666666666667,0,0,0,NA,0.0833333333333333,0,NA,NA,0,NA,NA,NA,0,0,0.0833333333333333,0.166666666666667,0.0833333333333333,0,0,NA,0.166666666666667,0,NA,NA,0.166666666666667,NA,NA,NA
"17",6,6,12,12,12,12,0,6,12,0,0,0,0,0,0,0,0,0,0,2,0,0,0,4,5,0,0,0,0,0,0,0,0,1,3,3,0,6,0,4,3,0,0,0,0,0,0,0,0.0769230769230769,0.0769230769230769,0.153846153846154,0.153846153846154,0.153846153846154,0.153846153846154,0,0.0769230769230769,0.153846153846154,0,0,0,0,0,0,0,0,0,0,0.166666666666667,0,0,NA,0.666666666666667,0.416666666666667,NA,NA,NA,NA,NA,NA,NA,0,0.166666666666667,0.25,0.25,0,0.5,NA,0.666666666666667,0.25,NA,NA,NA,NA,NA,NA,NA,0,1,3,3,0,6,0,2,1,0,0,0,0,0,0,0,6,5,9,7,12,6,0,0,6,0,0,0,0,0,0,0,0,0,0,0,0,0,0,2,2,0,0,0,0,0,0,0,0,0,0,2,0,0,0,2,3,0,0,0,0,0,0,0,0,0.166666666666667,0.25,0.25,0,0.5,NA,0.333333333333333,0.0833333333333333,NA,NA,NA,NA,NA,NA,NA,1,0.833333333333333,0.75,0.583333333333333,1,0.5,NA,0,0.5,NA,NA,NA,NA,NA,NA,NA,0,0,0,0,0,0,NA,0.333333333333333,0.166666666666667,NA,NA,NA,NA,NA,NA,NA,0,0,0,0.166666666666667,0,0,NA,0.333333333333333,0.25,NA,NA,NA,NA,NA,NA,NA
"18",6,6,6,12,6,12,12,0,6,0,0,0,12,0,0,0,0,0,0,2,0,2,0,0,1,0,0,0,3,0,0,0,0,2,0,6,2,7,12,0,1,0,0,0,7,0,0,0,0.0769230769230769,0.0769230769230769,0.0769230769230769,0.153846153846154,0.0769230769230769,0.153846153846154,0.153846153846154,0,0.0769230769230769,0,0,0,0.153846153846154,0,0,0,0,0,0,0.166666666666667,0,0.166666666666667,0,NA,0.166666666666667,NA,NA,NA,0.25,NA,NA,NA,0,0.333333333333333,0,0.5,0.333333333333333,0.583333333333333,1,NA,0.166666666666667,NA,NA,NA,0.583333333333333,NA,NA,NA,0,2,0,6,2,5,12,0,1,0,0,0,4,0,0,0,6,4,6,4,4,5,0,0,4,0,0,0,5,0,0,0,0,0,0,0,0,2,0,0,0,0,0,0,3,0,0,0,0,0,0,2,0,0,0,0,1,0,0,0,0,0,0,0,0,0.333333333333333,0,0.5,0.333333333333333,0.416666666666667,1,NA,0.166666666666667,NA,NA,NA,0.333333333333333,NA,NA,NA,1,0.666666666666667,1,0.333333333333333,0.666666666666667,0.416666666666667,0,NA,0.666666666666667,NA,NA,NA,0.416666666666667,NA,NA,NA,0,0,0,0,0,0.166666666666667,0,NA,0,NA,NA,NA,0.25,NA,NA,NA,0,0,0,0.166666666666667,0,0,0,NA,0.166666666666667,NA,NA,NA,0,NA,NA,NA
"19",6,12,12,12,6,12,6,0,6,0,12,0,12,0,0,0,0,0,1,0,0,1,1,0,0,0,3,0,1,0,0,0,2,4,4,6,2,7,2,0,1,0,8,0,5,0,0,0,0.0625,0.125,0.125,0.125,0.0625,0.125,0.0625,0,0.0625,0,0.125,0,0.125,0,0,0,0,0,0.0833333333333333,0,0,0.0833333333333333,0.166666666666667,NA,0,NA,0.25,NA,0.0833333333333333,NA,NA,NA,0.333333333333333,0.333333333333333,0.333333333333333,0.5,0.333333333333333,0.583333333333333,0.333333333333333,NA,0.166666666666667,NA,0.666666666666667,NA,0.416666666666667,NA,NA,NA,2,4,3,6,2,7,2,0,1,0,7,0,4,0,0,0,4,8,8,6,4,4,3,0,5,0,2,0,7,0,0,0,0,0,1,0,0,0,0,0,0,0,1,0,1,0,0,0,0,0,0,0,0,1,1,0,0,0,2,0,0,0,0,0,0.333333333333333,0.333333333333333,0.25,0.5,0.333333333333333,0.583333333333333,0.333333333333333,NA,0.166666666666667,NA,0.583333333333333,NA,0.333333333333333,NA,NA,NA,0.666666666666667,0.666666666666667,0.666666666666667,0.5,0.666666666666667,0.333333333333333,0.5,NA,0.833333333333333,NA,0.166666666666667,NA,0.583333333333333,NA,NA,NA,0,0,0.0833333333333333,0,0,0,0,NA,0,NA,0.0833333333333333,NA,0.0833333333333333,NA,NA,NA,0,0,0,0,0,0.0833333333333333,0.166666666666667,NA,0,NA,0.166666666666667,NA,0,NA,NA,NA
"20",12,6,6,6,12,6,12,12,6,12,0,0,12,0,0,0,1,0,0,1,2,0,1,4,2,2,0,0,3,0,0,0,4,2,2,2,4,2,6,10,1,9,0,0,6,0,0,0,0.117647058823529,0.0588235294117647,0.0588235294117647,0.0588235294117647,0.117647058823529,0.0588235294117647,0.117647058823529,0.117647058823529,0.0588235294117647,0.117647058823529,0,0,0.117647058823529,0,0,0,0.0833333333333333,0,0,0.166666666666667,0.166666666666667,0,0.0833333333333333,0.333333333333333,0.333333333333333,0.166666666666667,NA,NA,0.25,NA,NA,NA,0.333333333333333,0.333333333333333,0.333333333333333,0.333333333333333,0.333333333333333,0.333333333333333,0.5,0.833333333333333,0.166666666666667,0.75,NA,NA,0.5,NA,NA,NA,3,2,2,2,4,2,6,6,1,7,0,0,5,0,0,0,8,4,4,3,6,4,5,2,3,3,0,0,4,0,0,0,1,0,0,0,0,0,0,4,0,2,0,0,1,0,0,0,0,0,0,1,2,0,1,0,2,0,0,0,2,0,0,0,0.25,0.333333333333333,0.333333333333333,0.333333333333333,0.333333333333333,0.333333333333333,0.5,0.5,0.166666666666667,0.583333333333333,NA,NA,0.416666666666667,NA,NA,NA,0.666666666666667,0.666666666666667,0.666666666666667,0.5,0.5,0.666666666666667,0.416666666666667,0.166666666666667,0.5,0.25,NA,NA,0.333333333333333,NA,NA,NA,0.0833333333333333,0,0,0,0,0,0,0.333333333333333,0,0.166666666666667,NA,NA,0.0833333333333333,NA,NA,NA,0,0,0,0.166666666666667,0.166666666666667,0,0.0833333333333333,0,0.333333333333333,0,NA,NA,0.166666666666667,NA,NA,NA
"21",6,6,6,12,6,6,12,0,6,12,0,0,12,0,0,0,0,0,1,1,0,0,1,0,1,3,0,0,2,0,0,0,0,1,1,6,1,0,7,0,0,8,0,0,5,0,0,0,0.0714285714285714,0.0714285714285714,0.0714285714285714,0.142857142857143,0.0714285714285714,0.0714285714285714,0.142857142857143,0,0.0714285714285714,0.142857142857143,0,0,0.142857142857143,0,0,0,0,0,0.166666666666667,0.0833333333333333,0,0,0.0833333333333333,NA,0.166666666666667,0.25,NA,NA,0.166666666666667,NA,NA,NA,0,0.166666666666667,0.166666666666667,0.5,0.166666666666667,0,0.583333333333333,NA,0,0.666666666666667,NA,NA,0.416666666666667,NA,NA,NA,0,1,1,5,1,0,7,0,0,6,0,0,4,0,0,0,6,5,4,6,5,6,4,0,5,3,0,0,6,0,0,0,0,0,0,1,0,0,0,0,0,2,0,0,1,0,0,0,0,0,1,0,0,0,1,0,1,1,0,0,1,0,0,0,0,0.166666666666667,0.166666666666667,0.416666666666667,0.166666666666667,0,0.583333333333333,NA,0,0.5,NA,NA,0.333333333333333,NA,NA,NA,1,0.833333333333333,0.666666666666667,0.5,0.833333333333333,1,0.333333333333333,NA,0.833333333333333,0.25,NA,NA,0.5,NA,NA,NA,0,0,0,0.0833333333333333,0,0,0,NA,0,0.166666666666667,NA,NA,0.0833333333333333,NA,NA,NA,0,0,0.166666666666667,0,0,0,0.0833333333333333,NA,0.166666666666667,0.0833333333333333,NA,NA,0.0833333333333333,NA,NA,NA
"22",6,6,6,12,6,6,12,0,12,12,0,0,12,0,0,0,0,0,0,4,0,0,1,0,1,1,0,0,4,0,0,0,1,1,1,6,0,2,6,0,3,10,0,0,4,0,0,0,0.0666666666666667,0.0666666666666667,0.0666666666666667,0.133333333333333,0.0666666666666667,0.0666666666666667,0.133333333333333,0,0.133333333333333,0.133333333333333,0,0,0.133333333333333,0,0,0,0,0,0,0.333333333333333,0,0,0.0833333333333333,NA,0.0833333333333333,0.0833333333333333,NA,NA,0.333333333333333,NA,NA,NA,0.166666666666667,0.166666666666667,0.166666666666667,0.5,0,0.333333333333333,0.5,NA,0.25,0.833333333333333,NA,NA,0.333333333333333,NA,NA,NA,1,1,1,4,0,2,5,0,3,9,0,0,3,0,0,0,5,5,5,4,6,4,6,0,8,2,0,0,5,0,0,0,0,0,0,2,0,0,1,0,0,1,0,0,1,0,0,0,0,0,0,2,0,0,0,0,1,0,0,0,3,0,0,0,0.166666666666667,0.166666666666667,0.166666666666667,0.333333333333333,0,0.333333333333333,0.416666666666667,NA,0.25,0.75,NA,NA,0.25,NA,NA,NA,0.833333333333333,0.833333333333333,0.833333333333333,0.333333333333333,1,0.666666666666667,0.5,NA,0.666666666666667,0.166666666666667,NA,NA,0.416666666666667,NA,NA,NA,0,0,0,0.166666666666667,0,0,0.0833333333333333,NA,0,0.0833333333333333,NA,NA,0.0833333333333333,NA,NA,NA,0,0,0,0.166666666666667,0,0,0,NA,0.0833333333333333,0,NA,NA,0.25,NA,NA,NA
"23",6,6,6,6,6,12,12,12,12,0,0,0,12,0,0,0,0,0,0,2,0,1,2,3,1,0,0,0,2,0,0,0,0,2,2,1,0,8,9,10,4,0,0,0,3,0,0,0,0.0666666666666667,0.0666666666666667,0.0666666666666667,0.0666666666666667,0.0666666666666667,0.133333333333333,0.133333333333333,0.133333333333333,0.133333333333333,0,0,0,0.133333333333333,0,0,0,0,0,0,0.333333333333333,0,0.0833333333333333,0.166666666666667,0.25,0.0833333333333333,NA,NA,NA,0.166666666666667,NA,NA,NA,0,0.333333333333333,0.333333333333333,0.166666666666667,0,0.666666666666667,0.75,0.833333333333333,0.333333333333333,NA,NA,NA,0.25,NA,NA,NA,0,2,2,0,0,7,7,7,3,0,0,0,2,0,0,0,6,4,4,4,6,4,3,2,8,0,0,0,8,0,0,0,0,0,0,1,0,1,2,3,1,0,0,0,1,0,0,0,0,0,0,1,0,0,0,0,0,0,0,0,1,0,0,0,0,0.333333333333333,0.333333333333333,0,0,0.583333333333333,0.583333333333333,0.583333333333333,0.25,NA,NA,NA,0.166666666666667,NA,NA,NA,1,0.666666666666667,0.666666666666667,0.666666666666667,1,0.333333333333333,0.25,0.166666666666667,0.666666666666667,NA,NA,NA,0.666666666666667,NA,NA,NA,0,0,0,0.166666666666667,0,0.0833333333333333,0.166666666666667,0.25,0.0833333333333333,NA,NA,NA,0.0833333333333333,NA,NA,NA,0,0,0,0.166666666666667,0,0,0,0,0,NA,NA,NA,0.0833333333333333,NA,NA,NA
"24",6,6,12,0,6,6,0,0,6,12,0,0,12,12,0,0,0,0,0,0,0,0,0,0,0,2,0,0,0,2,0,0,1,1,6,0,0,0,0,0,2,5,0,0,5,9,0,0,0.0769230769230769,0.0769230769230769,0.153846153846154,0,0.0769230769230769,0.0769230769230769,0,0,0.0769230769230769,0.153846153846154,0,0,0.153846153846154,0.153846153846154,0,0,0,0,0,NA,0,0,NA,NA,0,0.166666666666667,NA,NA,0,0.166666666666667,NA,NA,0.166666666666667,0.166666666666667,0.5,NA,0,0,NA,NA,0.333333333333333,0.416666666666667,NA,NA,0.416666666666667,0.75,NA,NA,1,1,6,0,0,0,0,0,2,5,0,0,5,9,0,0,5,5,6,0,6,6,0,0,4,5,0,0,7,1,0,0,0,0,0,0,0,0,0,0,0,0,0,0,0,0,0,0,0,0,0,0,0,0,0,0,0,2,0,0,0,2,0,0,0.166666666666667,0.166666666666667,0.5,NA,0,0,NA,NA,0.333333333333333,0.416666666666667,NA,NA,0.416666666666667,0.75,NA,NA,0.833333333333333,0.833333333333333,0.5,NA,1,1,NA,NA,0.666666666666667,0.416666666666667,NA,NA,0.583333333333333,0.0833333333333333,NA,NA,0,0,0,NA,0,0,NA,NA,0,0,NA,NA,0,0,NA,NA,0,0,0,NA,0,0,NA,NA,0,0.166666666666667,NA,NA,0,0.166666666666667,NA,NA
"25",6,6,6,12,6,6,12,0,12,12,6,0,0,0,0,0,0,0,0,1,0,1,1,0,3,4,3,0,0,0,0,0,1,1,1,6,1,2,4,0,6,9,4,0,0,0,0,0,0.0714285714285714,0.0714285714285714,0.0714285714285714,0.142857142857143,0.0714285714285714,0.0714285714285714,0.142857142857143,0,0.142857142857143,0.142857142857143,0.0714285714285714,0,0,0,0,0,0,0,0,0.0833333333333333,0,0.166666666666667,0.0833333333333333,NA,0.25,0.333333333333333,0.5,NA,NA,NA,NA,NA,0.166666666666667,0.166666666666667,0.166666666666667,0.5,0.166666666666667,0.333333333333333,0.333333333333333,NA,0.5,0.75,0.666666666666667,NA,NA,NA,NA,NA,1,1,1,5,1,1,4,0,4,6,2,0,0,0,0,0,5,5,5,6,5,4,7,0,5,2,1,0,0,0,0,0,0,0,0,1,0,1,0,0,2,3,2,0,0,0,0,0,0,0,0,0,0,0,1,0,1,1,1,0,0,0,0,0,0.166666666666667,0.166666666666667,0.166666666666667,0.416666666666667,0.166666666666667,0.166666666666667,0.333333333333333,NA,0.333333333333333,0.5,0.333333333333333,NA,NA,NA,NA,NA,0.833333333333333,0.833333333333333,0.833333333333333,0.5,0.833333333333333,0.666666666666667,0.583333333333333,NA,0.416666666666667,0.166666666666667,0.166666666666667,NA,NA,NA,NA,NA,0,0,0,0.0833333333333333,0,0.166666666666667,0,NA,0.166666666666667,0.25,0.333333333333333,NA,NA,NA,NA,NA,0,0,0,0,0,0,0.0833333333333333,NA,0.0833333333333333,0.0833333333333333,0.166666666666667,NA,NA,NA,NA,NA
"26",6,6,6,12,6,6,12,0,6,12,0,0,12,0,0,0,0,0,0,3,0,1,0,0,0,0,0,0,2,0,0,0,1,2,2,6,0,2,8,0,2,9,0,0,5,0,0,0,0.0714285714285714,0.0714285714285714,0.0714285714285714,0.142857142857143,0.0714285714285714,0.0714285714285714,0.142857142857143,0,0.0714285714285714,0.142857142857143,0,0,0.142857142857143,0,0,0,0,0,0,0.25,0,0.166666666666667,0,NA,0,0,NA,NA,0.166666666666667,NA,NA,NA,0.166666666666667,0.333333333333333,0.333333333333333,0.5,0,0.333333333333333,0.666666666666667,NA,0.333333333333333,0.75,NA,NA,0.416666666666667,NA,NA,NA,1,2,2,5,0,2,8,0,2,9,0,0,4,0,0,0,5,4,4,4,6,3,4,0,4,3,0,0,6,0,0,0,0,0,0,1,0,0,0,0,0,0,0,0,1,0,0,0,0,0,0,2,0,1,0,0,0,0,0,0,1,0,0,0,0.166666666666667,0.333333333333333,0.333333333333333,0.416666666666667,0,0.333333333333333,0.666666666666667,NA,0.333333333333333,0.75,NA,NA,0.333333333333333,NA,NA,NA,0.833333333333333,0.666666666666667,0.666666666666667,0.333333333333333,1,0.5,0.333333333333333,NA,0.666666666666667,0.25,NA,NA,0.5,NA,NA,NA,0,0,0,0.0833333333333333,0,0,0,NA,0,0,NA,NA,0.0833333333333333,NA,NA,NA,0,0,0,0.166666666666667,0,0.166666666666667,0,NA,0,0,NA,NA,0.0833333333333333,NA,NA,NA
"27",6,6,12,12,6,6,12,0,6,12,0,0,12,0,0,0,0,0,1,1,1,0,0,0,2,1,0,0,2,0,0,0,0,0,4,7,1,1,8,0,0,9,0,0,5,0,0,0,0.0666666666666667,0.0666666666666667,0.133333333333333,0.133333333333333,0.0666666666666667,0.0666666666666667,0.133333333333333,0,0.0666666666666667,0.133333333333333,0,0,0.133333333333333,0,0,0,0,0,0.0833333333333333,0.0833333333333333,0.166666666666667,0,0,NA,0.333333333333333,0.0833333333333333,NA,NA,0.166666666666667,NA,NA,NA,0,0,0.333333333333333,0.583333333333333,0.166666666666667,0.166666666666667,0.666666666666667,NA,0,0.75,NA,NA,0.416666666666667,NA,NA,NA,0,0,4,6,1,1,8,0,0,8,0,0,4,0,0,0,6,6,7,5,4,5,4,0,4,3,0,0,6,0,0,0,0,0,0,1,0,0,0,0,0,1,0,0,1,0,0,0,0,0,1,0,1,0,0,0,2,0,0,0,1,0,0,0,0,0,0.333333333333333,0.5,0.166666666666667,0.166666666666667,0.666666666666667,NA,0,0.666666666666667,NA,NA,0.333333333333333,NA,NA,NA,1,1,0.583333333333333,0.416666666666667,0.666666666666667,0.833333333333333,0.333333333333333,NA,0.666666666666667,0.25,NA,NA,0.5,NA,NA,NA,0,0,0,0.0833333333333333,0,0,0,NA,0,0.0833333333333333,NA,NA,0.0833333333333333,NA,NA,NA,0,0,0.0833333333333333,0,0.166666666666667,0,0,NA,0.333333333333333,0,NA,NA,0.0833333333333333,NA,NA,NA
"28",6,6,12,12,6,6,12,6,12,12,0,0,12,0,0,0,0,0,1,2,2,0,0,3,0,1,0,0,1,0,0,0,0,0,5,4,1,2,10,4,3,8,0,0,3,0,0,0,0.0588235294117647,0.0588235294117647,0.117647058823529,0.117647058823529,0.0588235294117647,0.0588235294117647,0.117647058823529,0.0588235294117647,0.117647058823529,0.117647058823529,0,0,0.117647058823529,0,0,0,0,0,0.0833333333333333,0.166666666666667,0.333333333333333,0,0,0.5,0,0.0833333333333333,NA,NA,0.0833333333333333,NA,NA,NA,0,0,0.416666666666667,0.333333333333333,0.166666666666667,0.333333333333333,0.833333333333333,0.666666666666667,0.25,0.666666666666667,NA,NA,0.25,NA,NA,NA,0,0,5,4,1,2,10,2,3,8,0,0,3,0,0,0,6,6,6,6,3,4,2,1,9,3,0,0,8,0,0,0,0,0,0,0,0,0,0,2,0,0,0,0,0,0,0,0,0,0,1,2,2,0,0,1,0,1,0,0,1,0,0,0,0,0,0.416666666666667,0.333333333333333,0.166666666666667,0.333333333333333,0.833333333333333,0.333333333333333,0.25,0.666666666666667,NA,NA,0.25,NA,NA,NA,1,1,0.5,0.5,0.5,0.666666666666667,0.166666666666667,0.166666666666667,0.75,0.25,NA,NA,0.666666666666667,NA,NA,NA,0,0,0,0,0,0,0,0.333333333333333,0,0,NA,NA,0,NA,NA,NA,0,0,0.0833333333333333,0.166666666666667,0.333333333333333,0,0,0.166666666666667,0,0.0833333333333333,NA,NA,0.0833333333333333,NA,NA,NA
"29",6,6,12,12,6,12,12,12,6,6,0,0,12,12,0,0,0,0,2,4,0,1,2,5,1,1,0,0,3,3,0,0,2,1,5,2,2,4,8,7,1,2,0,0,4,11,0,0,0.0526315789473684,0.0526315789473684,0.105263157894737,0.105263157894737,0.0526315789473684,0.105263157894737,0.105263157894737,0.105263157894737,0.0526315789473684,0.0526315789473684,0,0,0.105263157894737,0.105263157894737,0,0,0,0,0.166666666666667,0.333333333333333,0,0.0833333333333333,0.166666666666667,0.416666666666667,0.166666666666667,0.166666666666667,NA,NA,0.25,0.25,NA,NA,0.333333333333333,0.166666666666667,0.416666666666667,0.166666666666667,0.333333333333333,0.333333333333333,0.666666666666667,0.583333333333333,0.166666666666667,0.333333333333333,NA,NA,0.333333333333333,0.916666666666667,NA,NA,2,1,4,2,2,4,8,4,1,2,0,0,2,8,0,0,4,5,6,6,4,7,2,3,4,3,0,0,7,1,0,0,0,0,1,0,0,0,0,3,0,0,0,0,2,3,0,0,0,0,1,4,0,1,2,2,1,1,0,0,1,0,0,0,0.333333333333333,0.166666666666667,0.333333333333333,0.166666666666667,0.333333333333333,0.333333333333333,0.666666666666667,0.333333333333333,0.166666666666667,0.333333333333333,NA,NA,0.166666666666667,0.666666666666667,NA,NA,0.666666666666667,0.833333333333333,0.5,0.5,0.666666666666667,0.583333333333333,0.166666666666667,0.25,0.666666666666667,0.5,NA,NA,0.583333333333333,0.0833333333333333,NA,NA,0,0,0.0833333333333333,0,0,0,0,0.25,0,0,NA,NA,0.166666666666667,0.25,NA,NA,0,0,0.0833333333333333,0.333333333333333,0,0.0833333333333333,0.166666666666667,0.166666666666667,0.166666666666667,0.166666666666667,NA,NA,0.0833333333333333,0,NA,NA
"30",6,6,6,12,6,12,12,12,12,0,0,0,6,0,0,0,1,0,0,2,0,1,2,3,2,0,0,0,1,0,0,0,2,1,1,5,1,7,7,8,3,0,0,0,1,0,0,0,0.0666666666666667,0.0666666666666667,0.0666666666666667,0.133333333333333,0.0666666666666667,0.133333333333333,0.133333333333333,0.133333333333333,0.133333333333333,0,0,0,0.0666666666666667,0,0,0,0.166666666666667,0,0,0.166666666666667,0,0.0833333333333333,0.166666666666667,0.25,0.166666666666667,NA,NA,NA,0.166666666666667,NA,NA,NA,0.333333333333333,0.166666666666667,0.166666666666667,0.416666666666667,0.166666666666667,0.583333333333333,0.583333333333333,0.666666666666667,0.25,NA,NA,NA,0.166666666666667,NA,NA,NA,2,1,1,5,1,7,6,5,2,0,0,0,1,0,0,0,3,5,5,5,5,4,4,4,8,0,0,0,4,0,0,0,0,0,0,0,0,0,1,3,1,0,0,0,0,0,0,0,1,0,0,2,0,1,1,0,1,0,0,0,1,0,0,0,0.333333333333333,0.166666666666667,0.166666666666667,0.416666666666667,0.166666666666667,0.583333333333333,0.5,0.416666666666667,0.166666666666667,NA,NA,NA,0.166666666666667,NA,NA,NA,0.5,0.833333333333333,0.833333333333333,0.416666666666667,0.833333333333333,0.333333333333333,0.333333333333333,0.333333333333333,0.666666666666667,NA,NA,NA,0.666666666666667,NA,NA,NA,0,0,0,0,0,0,0.0833333333333333,0.25,0.0833333333333333,NA,NA,NA,0,NA,NA,NA,0.166666666666667,0,0,0.166666666666667,0,0.0833333333333333,0.0833333333333333,0,0.0833333333333333,NA,NA,NA,0.166666666666667,NA,NA,NA
"31",6,6,6,6,6,12,12,12,6,12,0,0,12,0,0,0,0,0,0,0,0,0,1,3,0,3,0,0,2,0,0,0,2,1,1,1,2,4,6,9,0,7,0,0,6,0,0,0,0.0625,0.0625,0.0625,0.0625,0.0625,0.125,0.125,0.125,0.0625,0.125,0,0,0.125,0,0,0,0,0,0,0,0,0,0.0833333333333333,0.25,0,0.25,NA,NA,0.166666666666667,NA,NA,NA,0.333333333333333,0.166666666666667,0.166666666666667,0.166666666666667,0.333333333333333,0.333333333333333,0.5,0.75,0,0.583333333333333,NA,NA,0.5,NA,NA,NA,2,1,1,1,2,4,5,6,0,5,0,0,4,0,0,0,4,5,5,5,4,8,6,3,6,4,0,0,6,0,0,0,0,0,0,0,0,0,1,3,0,2,0,0,2,0,0,0,0,0,0,0,0,0,0,0,0,1,0,0,0,0,0,0,0.333333333333333,0.166666666666667,0.166666666666667,0.166666666666667,0.333333333333333,0.333333333333333,0.416666666666667,0.5,0,0.416666666666667,NA,NA,0.333333333333333,NA,NA,NA,0.666666666666667,0.833333333333333,0.833333333333333,0.833333333333333,0.666666666666667,0.666666666666667,0.5,0.25,1,0.333333333333333,NA,NA,0.5,NA,NA,NA,0,0,0,0,0,0,0.0833333333333333,0.25,0,0.166666666666667,NA,NA,0.166666666666667,NA,NA,NA,0,0,0,0,0,0,0,0,0,0.0833333333333333,NA,NA,0,NA,NA,NA
"32",6,6,12,0,6,6,0,0,6,12,0,0,12,0,0,0,0,0,1,0,0,0,0,0,0,2,0,0,1,0,0,0,2,1,8,0,2,1,0,0,2,7,0,0,5,0,0,0,0.0909090909090909,0.0909090909090909,0.181818181818182,0,0.0909090909090909,0.0909090909090909,0,0,0.0909090909090909,0.181818181818182,0,0,0.181818181818182,0,0,0,0,0,0.0833333333333333,NA,0,0,NA,NA,0,0.166666666666667,NA,NA,0.0833333333333333,NA,NA,NA,0.333333333333333,0.166666666666667,0.666666666666667,NA,0.333333333333333,0.166666666666667,NA,NA,0.333333333333333,0.583333333333333,NA,NA,0.416666666666667,NA,NA,NA,2,1,8,0,2,1,0,0,2,5,0,0,5,0,0,0,4,5,3,0,4,5,0,0,4,5,0,0,6,0,0,0,0,0,0,0,0,0,0,0,0,2,0,0,0,0,0,0,0,0,1,0,0,0,0,0,0,0,0,0,1,0,0,0,0.333333333333333,0.166666666666667,0.666666666666667,NA,0.333333333333333,0.166666666666667,NA,NA,0.333333333333333,0.416666666666667,NA,NA,0.416666666666667,NA,NA,NA,0.666666666666667,0.833333333333333,0.25,NA,0.666666666666667,0.833333333333333,NA,NA,0.666666666666667,0.416666666666667,NA,NA,0.5,NA,NA,NA,0,0,0,NA,0,0,NA,NA,0,0.166666666666667,NA,NA,0,NA,NA,NA,0,0,0.0833333333333333,NA,0,0,NA,NA,0,0,NA,NA,0.0833333333333333,NA,NA,NA
"33",6,12,12,0,6,6,0,0,6,12,0,0,12,0,0,0,0,2,0,0,1,0,0,0,1,0,0,0,1,0,0,0,0,5,7,0,0,1,0,0,1,6,0,0,4,0,0,0,0.0833333333333333,0.166666666666667,0.166666666666667,0,0.0833333333333333,0.0833333333333333,0,0,0.0833333333333333,0.166666666666667,0,0,0.166666666666667,0,0,0,0,0.166666666666667,0,NA,0.166666666666667,0,NA,NA,0.166666666666667,0,NA,NA,0.0833333333333333,NA,NA,NA,0,0.416666666666667,0.583333333333333,NA,0,0.166666666666667,NA,NA,0.166666666666667,0.5,NA,NA,0.333333333333333,NA,NA,NA,0,5,7,0,0,1,0,0,1,6,0,0,4,0,0,0,6,5,5,0,5,5,0,0,4,6,0,0,7,0,0,0,0,0,0,0,0,0,0,0,0,0,0,0,0,0,0,0,0,2,0,0,1,0,0,0,1,0,0,0,1,0,0,0,0,0.416666666666667,0.583333333333333,NA,0,0.166666666666667,NA,NA,0.166666666666667,0.5,NA,NA,0.333333333333333,NA,NA,NA,1,0.416666666666667,0.416666666666667,NA,0.833333333333333,0.833333333333333,NA,NA,0.666666666666667,0.5,NA,NA,0.583333333333333,NA,NA,NA,0,0,0,NA,0,0,NA,NA,0,0,NA,NA,0,NA,NA,NA,0,0.166666666666667,0,NA,0.166666666666667,0,NA,NA,0.166666666666667,0,NA,NA,0.0833333333333333,NA,NA,NA
"34",6,6,6,12,6,6,12,0,6,12,12,0,12,0,0,0,0,2,1,1,0,0,3,0,0,3,3,0,2,0,0,0,1,1,1,7,1,2,5,0,0,11,8,0,5,0,0,0,0.0625,0.0625,0.0625,0.125,0.0625,0.0625,0.125,0,0.0625,0.125,0.125,0,0.125,0,0,0,0,0.333333333333333,0.166666666666667,0.0833333333333333,0,0,0.25,NA,0,0.25,0.25,NA,0.166666666666667,NA,NA,NA,0.166666666666667,0.166666666666667,0.166666666666667,0.583333333333333,0.166666666666667,0.333333333333333,0.416666666666667,NA,0,0.916666666666667,0.666666666666667,NA,0.416666666666667,NA,NA,NA,1,1,1,6,1,2,4,0,0,8,5,0,5,0,0,0,5,3,4,5,5,4,5,0,6,1,4,0,5,0,0,0,0,0,0,1,0,0,1,0,0,3,3,0,0,0,0,0,0,2,1,0,0,0,2,0,0,0,0,0,2,0,0,0,0.166666666666667,0.166666666666667,0.166666666666667,0.5,0.166666666666667,0.333333333333333,0.333333333333333,NA,0,0.666666666666667,0.416666666666667,NA,0.416666666666667,NA,NA,NA,0.833333333333333,0.5,0.666666666666667,0.416666666666667,0.833333333333333,0.666666666666667,0.416666666666667,NA,1,0.0833333333333333,0.333333333333333,NA,0.416666666666667,NA,NA,NA,0,0,0,0.0833333333333333,0,0,0.0833333333333333,NA,0,0.25,0.25,NA,0,NA,NA,NA,0,0.333333333333333,0.166666666666667,0,0,0,0.166666666666667,NA,0,0,0,NA,0.166666666666667,NA,NA,NA
"35",6,6,6,12,6,12,12,0,12,0,0,0,12,0,0,0,0,1,0,1,0,1,3,0,0,0,0,0,4,0,0,0,1,1,0,6,2,6,9,0,1,0,0,0,2,0,0,0,0.0714285714285714,0.0714285714285714,0.0714285714285714,0.142857142857143,0.0714285714285714,0.142857142857143,0.142857142857143,0,0.142857142857143,0,0,0,0.142857142857143,0,0,0,0,0.166666666666667,0,0.0833333333333333,0,0.0833333333333333,0.25,NA,0,NA,NA,NA,0.333333333333333,NA,NA,NA,0.166666666666667,0.166666666666667,0,0.5,0.333333333333333,0.5,0.75,NA,0.0833333333333333,NA,NA,NA,0.166666666666667,NA,NA,NA,1,0,0,5,2,5,6,0,1,0,0,0,2,0,0,0,5,5,6,6,4,6,3,0,11,0,0,0,6,0,0,0,0,1,0,1,0,1,3,0,0,0,0,0,0,0,0,0,0,0,0,0,0,0,0,0,0,0,0,0,4,0,0,0,0.166666666666667,0,0,0.416666666666667,0.333333333333333,0.416666666666667,0.5,NA,0.0833333333333333,NA,NA,NA,0.166666666666667,NA,NA,NA,0.833333333333333,0.833333333333333,1,0.5,0.666666666666667,0.5,0.25,NA,0.916666666666667,NA,NA,NA,0.5,NA,NA,NA,0,0.166666666666667,0,0.0833333333333333,0,0.0833333333333333,0.25,NA,0,NA,NA,NA,0,NA,NA,NA,0,0,0,0,0,0,0,NA,0,NA,NA,NA,0.333333333333333,NA,NA,NA
"36",6,6,6,6,6,6,12,12,6,12,0,0,12,0,0,0,0,0,0,1,0,1,0,1,1,1,0,0,0,0,0,0,0,1,2,2,2,0,8,9,1,8,0,0,2,0,0,0,0.0666666666666667,0.0666666666666667,0.0666666666666667,0.0666666666666667,0.0666666666666667,0.0666666666666667,0.133333333333333,0.133333333333333,0.0666666666666667,0.133333333333333,0,0,0.133333333333333,0,0,0,0,0,0,0.166666666666667,0,0.166666666666667,0,0.0833333333333333,0.166666666666667,0.0833333333333333,NA,NA,0,NA,NA,NA,0,0.166666666666667,0.333333333333333,0.333333333333333,0.333333333333333,0,0.666666666666667,0.75,0.166666666666667,0.666666666666667,NA,NA,0.166666666666667,NA,NA,NA,0,1,2,2,2,0,8,8,1,7,0,0,2,0,0,0,6,5,4,3,4,5,4,3,4,4,0,0,10,0,0,0,0,0,0,0,0,0,0,1,0,1,0,0,0,0,0,0,0,0,0,1,0,1,0,0,1,0,0,0,0,0,0,0,0,0.166666666666667,0.333333333333333,0.333333333333333,0.333333333333333,0,0.666666666666667,0.666666666666667,0.166666666666667,0.583333333333333,NA,NA,0.166666666666667,NA,NA,NA,1,0.833333333333333,0.666666666666667,0.5,0.666666666666667,0.833333333333333,0.333333333333333,0.25,0.666666666666667,0.333333333333333,NA,NA,0.833333333333333,NA,NA,NA,0,0,0,0,0,0,0,0.0833333333333333,0,0.0833333333333333,NA,NA,0,NA,NA,NA,0,0,0,0.166666666666667,0,0.166666666666667,0,0,0.166666666666667,0,NA,NA,0,NA,NA,NA
"37",6,6,6,12,6,6,12,12,12,12,0,12,12,12,0,0,0,0,1,1,0,0,4,4,1,1,0,2,2,3,0,0,0,2,1,3,0,2,6,5,3,5,0,10,3,10,0,0,0.0476190476190476,0.0476190476190476,0.0476190476190476,0.0952380952380952,0.0476190476190476,0.0476190476190476,0.0952380952380952,0.0952380952380952,0.0952380952380952,0.0952380952380952,0,0.0952380952380952,0.0952380952380952,0.0952380952380952,0,0,0,0,0.166666666666667,0.0833333333333333,0,0,0.333333333333333,0.333333333333333,0.0833333333333333,0.0833333333333333,NA,0.166666666666667,0.166666666666667,0.25,NA,NA,0,0.333333333333333,0.166666666666667,0.25,0,0.333333333333333,0.5,0.416666666666667,0.25,0.416666666666667,NA,0.833333333333333,0.25,0.833333333333333,NA,NA,0,2,1,3,0,2,5,4,3,5,0,8,2,8,0,0,6,4,4,8,6,4,3,4,8,6,0,2,8,1,0,0,0,0,0,0,0,0,1,1,0,0,0,2,1,2,0,0,0,0,1,1,0,0,3,3,1,1,0,0,1,1,0,0,0,0.333333333333333,0.166666666666667,0.25,0,0.333333333333333,0.416666666666667,0.333333333333333,0.25,0.416666666666667,NA,0.666666666666667,0.166666666666667,0.666666666666667,NA,NA,1,0.666666666666667,0.666666666666667,0.666666666666667,1,0.666666666666667,0.25,0.333333333333333,0.666666666666667,0.5,NA,0.166666666666667,0.666666666666667,0.0833333333333333,NA,NA,0,0,0,0,0,0,0.0833333333333333,0.0833333333333333,0,0,NA,0.166666666666667,0.0833333333333333,0.166666666666667,NA,NA,0,0,0.166666666666667,0.0833333333333333,0,0,0.25,0.25,0.0833333333333333,0.0833333333333333,NA,0,0.0833333333333333,0.0833333333333333,NA,NA
"38",6,12,6,6,6,6,12,12,6,12,12,6,12,0,0,0,0,0,1,1,0,1,0,2,0,3,4,4,2,0,0,0,0,4,1,2,0,2,5,5,1,9,7,6,6,0,0,0,0.0526315789473684,0.105263157894737,0.0526315789473684,0.0526315789473684,0.0526315789473684,0.0526315789473684,0.105263157894737,0.105263157894737,0.0526315789473684,0.105263157894737,0.105263157894737,0.0526315789473684,0.105263157894737,0,0,0,0,0,0.166666666666667,0.166666666666667,0,0.166666666666667,0,0.166666666666667,0,0.25,0.333333333333333,0.666666666666667,0.166666666666667,NA,NA,NA,0,0.333333333333333,0.166666666666667,0.333333333333333,0,0.333333333333333,0.416666666666667,0.416666666666667,0.166666666666667,0.75,0.583333333333333,1,0.5,NA,NA,NA,0,4,1,2,0,2,5,3,1,7,5,2,5,0,0,0,6,8,4,3,6,3,7,7,5,2,3,0,5,0,0,0,0,0,0,0,0,0,0,2,0,2,2,4,1,0,0,0,0,0,1,1,0,1,0,0,0,1,2,0,1,0,0,0,0,0.333333333333333,0.166666666666667,0.333333333333333,0,0.333333333333333,0.416666666666667,0.25,0.166666666666667,0.583333333333333,0.416666666666667,0.333333333333333,0.416666666666667,NA,NA,NA,1,0.666666666666667,0.666666666666667,0.5,1,0.5,0.583333333333333,0.583333333333333,0.833333333333333,0.166666666666667,0.25,0,0.416666666666667,NA,NA,NA,0,0,0,0,0,0,0,0.166666666666667,0,0.166666666666667,0.166666666666667,0.666666666666667,0.0833333333333333,NA,NA,NA,0,0,0.166666666666667,0.166666666666667,0,0.166666666666667,0,0,0,0.0833333333333333,0.166666666666667,0,0.0833333333333333,NA,NA,NA
"39",6,12,12,12,12,6,12,12,12,12,0,0,6,0,0,0,0,0,3,0,0,1,2,6,3,2,0,0,1,0,0,0,0,3,5,5,2,2,7,8,5,9,0,0,1,0,0,0,0.0526315789473684,0.105263157894737,0.105263157894737,0.105263157894737,0.105263157894737,0.0526315789473684,0.105263157894737,0.105263157894737,0.105263157894737,0.105263157894737,0,0,0.0526315789473684,0,0,0,0,0,0.25,0,0,0.166666666666667,0.166666666666667,0.5,0.25,0.166666666666667,NA,NA,0.166666666666667,NA,NA,NA,0,0.25,0.416666666666667,0.416666666666667,0.166666666666667,0.333333333333333,0.583333333333333,0.666666666666667,0.416666666666667,0.75,NA,NA,0.166666666666667,NA,NA,NA,0,3,4,5,2,1,6,4,4,8,0,0,1,0,0,0,6,9,5,7,10,4,4,2,5,2,0,0,4,0,0,0,0,0,1,0,0,1,1,4,1,1,0,0,0,0,0,0,0,0,2,0,0,0,1,2,2,1,0,0,1,0,0,0,0,0.25,0.333333333333333,0.416666666666667,0.166666666666667,0.166666666666667,0.5,0.333333333333333,0.333333333333333,0.666666666666667,NA,NA,0.166666666666667,NA,NA,NA,1,0.75,0.416666666666667,0.583333333333333,0.833333333333333,0.666666666666667,0.333333333333333,0.166666666666667,0.416666666666667,0.166666666666667,NA,NA,0.666666666666667,NA,NA,NA,0,0,0.0833333333333333,0,0,0.166666666666667,0.0833333333333333,0.333333333333333,0.0833333333333333,0.0833333333333333,NA,NA,0,NA,NA,NA,0,0,0.166666666666667,0,0,0,0.0833333333333333,0.166666666666667,0.166666666666667,0.0833333333333333,NA,NA,0.166666666666667,NA,NA,NA
"40",6,6,6,12,6,6,12,0,6,12,0,0,12,0,0,0,0,0,0,2,0,1,3,0,0,1,0,0,1,0,0,0,1,1,1,7,1,0,8,0,0,6,0,0,1,0,0,0,0.0714285714285714,0.0714285714285714,0.0714285714285714,0.142857142857143,0.0714285714285714,0.0714285714285714,0.142857142857143,0,0.0714285714285714,0.142857142857143,0,0,0.142857142857143,0,0,0,0,0,0,0.166666666666667,0,0.166666666666667,0.25,NA,0,0.0833333333333333,NA,NA,0.0833333333333333,NA,NA,NA,0.166666666666667,0.166666666666667,0.166666666666667,0.583333333333333,0.166666666666667,0,0.666666666666667,NA,0,0.5,NA,NA,0.0833333333333333,NA,NA,NA,1,1,1,5,1,0,6,0,0,5,0,0,1,0,0,0,5,5,5,5,5,5,3,0,6,6,0,0,10,0,0,0,0,0,0,2,0,0,2,0,0,1,0,0,0,0,0,0,0,0,0,0,0,1,1,0,0,0,0,0,1,0,0,0,0.166666666666667,0.166666666666667,0.166666666666667,0.416666666666667,0.166666666666667,0,0.5,NA,0,0.416666666666667,NA,NA,0.0833333333333333,NA,NA,NA,0.833333333333333,0.833333333333333,0.833333333333333,0.416666666666667,0.833333333333333,0.833333333333333,0.25,NA,1,0.5,NA,NA,0.833333333333333,NA,NA,NA,0,0,0,0.166666666666667,0,0,0.166666666666667,NA,0,0.0833333333333333,NA,NA,0,NA,NA,NA,0,0,0,0,0,0.166666666666667,0.0833333333333333,NA,0,0,NA,NA,0.0833333333333333,NA,NA,NA
"41",6,12,6,6,6,6,12,12,6,12,0,12,12,0,0,0,0,1,1,1,0,0,2,3,0,1,0,6,1,0,0,0,0,5,2,2,2,1,7,7,1,8,0,11,2,0,0,0,0.0555555555555556,0.111111111111111,0.0555555555555556,0.0555555555555556,0.0555555555555556,0.0555555555555556,0.111111111111111,0.111111111111111,0.0555555555555556,0.111111111111111,0,0.111111111111111,0.111111111111111,0,0,0,0,0.0833333333333333,0.166666666666667,0.166666666666667,0,0,0.166666666666667,0.25,0,0.0833333333333333,NA,0.5,0.0833333333333333,NA,NA,NA,0,0.416666666666667,0.333333333333333,0.333333333333333,0.333333333333333,0.166666666666667,0.583333333333333,0.583333333333333,0.166666666666667,0.666666666666667,NA,0.916666666666667,0.166666666666667,NA,NA,NA,0,5,2,1,2,1,6,6,1,7,0,5,2,0,0,0,6,6,3,4,4,5,4,3,5,4,0,1,9,0,0,0,0,0,0,1,0,0,1,1,0,1,0,6,0,0,0,0,0,1,1,0,0,0,1,2,0,0,0,0,1,0,0,0,0,0.416666666666667,0.333333333333333,0.166666666666667,0.333333333333333,0.166666666666667,0.5,0.5,0.166666666666667,0.583333333333333,NA,0.416666666666667,0.166666666666667,NA,NA,NA,1,0.5,0.5,0.666666666666667,0.666666666666667,0.833333333333333,0.333333333333333,0.25,0.833333333333333,0.333333333333333,NA,0.0833333333333333,0.75,NA,NA,NA,0,0,0,0.166666666666667,0,0,0.0833333333333333,0.0833333333333333,0,0.0833333333333333,NA,0.5,0,NA,NA,NA,0,0.0833333333333333,0.166666666666667,0,0,0,0.0833333333333333,0.166666666666667,0,0,NA,0,0.0833333333333333,NA,NA,NA
"42",6,6,6,6,6,12,12,12,6,12,12,0,12,6,0,0,1,0,0,0,1,1,1,4,0,3,5,0,2,4,0,0,0,1,1,2,2,2,2,9,0,3,9,0,7,3,0,0,0.0526315789473684,0.0526315789473684,0.0526315789473684,0.0526315789473684,0.0526315789473684,0.105263157894737,0.105263157894737,0.105263157894737,0.0526315789473684,0.105263157894737,0.105263157894737,0,0.105263157894737,0.0526315789473684,0,0,0.166666666666667,0,0,0,0.166666666666667,0.0833333333333333,0.0833333333333333,0.333333333333333,0,0.25,0.416666666666667,NA,0.166666666666667,0.666666666666667,NA,NA,0,0.166666666666667,0.166666666666667,0.333333333333333,0.333333333333333,0.166666666666667,0.166666666666667,0.75,0,0.25,0.75,NA,0.583333333333333,0.5,NA,NA,0,1,1,2,2,2,1,6,0,2,5,0,5,1,0,0,5,5,5,4,3,9,10,2,6,7,2,0,5,1,0,0,0,0,0,0,0,0,1,3,0,1,4,0,2,2,0,0,1,0,0,0,1,1,0,1,0,2,1,0,0,2,0,0,0,0.166666666666667,0.166666666666667,0.333333333333333,0.333333333333333,0.166666666666667,0.0833333333333333,0.5,0,0.166666666666667,0.416666666666667,NA,0.416666666666667,0.166666666666667,NA,NA,0.833333333333333,0.833333333333333,0.833333333333333,0.666666666666667,0.5,0.75,0.833333333333333,0.166666666666667,1,0.583333333333333,0.166666666666667,NA,0.416666666666667,0.166666666666667,NA,NA,0,0,0,0,0,0,0.0833333333333333,0.25,0,0.0833333333333333,0.333333333333333,NA,0.166666666666667,0.333333333333333,NA,NA,0.166666666666667,0,0,0,0.166666666666667,0.0833333333333333,0,0.0833333333333333,0,0.166666666666667,0.0833333333333333,NA,0,0.333333333333333,NA,NA
"43",6,6,12,0,6,6,0,0,6,12,0,0,12,0,0,0,1,1,0,0,0,1,0,0,2,1,0,0,2,0,0,0,0,2,6,0,1,1,0,0,2,6,0,0,6,0,0,0,0.0909090909090909,0.0909090909090909,0.181818181818182,0,0.0909090909090909,0.0909090909090909,0,0,0.0909090909090909,0.181818181818182,0,0,0.181818181818182,0,0,0,0.166666666666667,0.166666666666667,0,NA,0,0.166666666666667,NA,NA,0.333333333333333,0.0833333333333333,NA,NA,0.166666666666667,NA,NA,NA,0,0.333333333333333,0.5,NA,0.166666666666667,0.166666666666667,NA,NA,0.333333333333333,0.5,NA,NA,0.5,NA,NA,NA,0,1,6,0,1,1,0,0,1,5,0,0,5,0,0,0,5,4,6,0,5,4,0,0,3,6,0,0,5,0,0,0,0,1,0,0,0,0,0,0,1,1,0,0,1,0,0,0,1,0,0,0,0,1,0,0,1,0,0,0,1,0,0,0,0,0.166666666666667,0.5,NA,0.166666666666667,0.166666666666667,NA,NA,0.166666666666667,0.416666666666667,NA,NA,0.416666666666667,NA,NA,NA,0.833333333333333,0.666666666666667,0.5,NA,0.833333333333333,0.666666666666667,NA,NA,0.5,0.5,NA,NA,0.416666666666667,NA,NA,NA,0,0.166666666666667,0,NA,0,0,NA,NA,0.166666666666667,0.0833333333333333,NA,NA,0.0833333333333333,NA,NA,NA,0.166666666666667,0,0,NA,0,0.166666666666667,NA,NA,0.166666666666667,0,NA,NA,0.0833333333333333,NA,NA,NA
"44",6,12,12,12,12,12,12,0,12,0,0,0,12,0,0,0,0,2,0,0,0,1,3,0,3,0,0,0,1,0,0,0,0,4,4,7,1,7,7,0,1,0,0,0,2,0,0,0,0.0588235294117647,0.117647058823529,0.117647058823529,0.117647058823529,0.117647058823529,0.117647058823529,0.117647058823529,0,0.117647058823529,0,0,0,0.117647058823529,0,0,0,0,0.166666666666667,0,0,0,0.0833333333333333,0.25,NA,0.25,NA,NA,NA,0.0833333333333333,NA,NA,NA,0,0.333333333333333,0.333333333333333,0.583333333333333,0.0833333333333333,0.583333333333333,0.583333333333333,NA,0.0833333333333333,NA,NA,NA,0.166666666666667,NA,NA,NA,0,3,4,7,1,6,5,0,1,0,0,0,2,0,0,0,6,7,8,5,11,5,4,0,8,0,0,0,9,0,0,0,0,1,0,0,0,1,2,0,0,0,0,0,0,0,0,0,0,1,0,0,0,0,1,0,3,0,0,0,1,0,0,0,0,0.25,0.333333333333333,0.583333333333333,0.0833333333333333,0.5,0.416666666666667,NA,0.0833333333333333,NA,NA,NA,0.166666666666667,NA,NA,NA,1,0.583333333333333,0.666666666666667,0.416666666666667,0.916666666666667,0.416666666666667,0.333333333333333,NA,0.666666666666667,NA,NA,NA,0.75,NA,NA,NA,0,0.0833333333333333,0,0,0,0.0833333333333333,0.166666666666667,NA,0,NA,NA,NA,0,NA,NA,NA,0,0.0833333333333333,0,0,0,0,0.0833333333333333,NA,0.25,NA,NA,NA,0.0833333333333333,NA,NA,NA
"45",6,6,6,12,6,6,12,6,6,12,0,0,12,0,0,0,0,0,0,2,0,1,4,3,1,2,0,0,1,0,0,0,1,2,0,6,0,0,11,4,0,8,0,0,3,0,0,0,0.0666666666666667,0.0666666666666667,0.0666666666666667,0.133333333333333,0.0666666666666667,0.0666666666666667,0.133333333333333,0.0666666666666667,0.0666666666666667,0.133333333333333,0,0,0.133333333333333,0,0,0,0,0,0,0.166666666666667,0,0.166666666666667,0.333333333333333,0.5,0.166666666666667,0.166666666666667,NA,NA,0.0833333333333333,NA,NA,NA,0.166666666666667,0.333333333333333,0,0.5,0,0,0.916666666666667,0.666666666666667,0,0.666666666666667,NA,NA,0.25,NA,NA,NA,1,2,0,4,0,0,8,2,0,6,0,0,2,0,0,0,5,4,6,6,6,5,0,1,5,4,0,0,9,0,0,0,0,0,0,2,0,0,3,2,0,2,0,0,1,0,0,0,0,0,0,0,0,1,1,1,1,0,0,0,0,0,0,0,0.166666666666667,0.333333333333333,0,0.333333333333333,0,0,0.666666666666667,0.333333333333333,0,0.5,NA,NA,0.166666666666667,NA,NA,NA,0.833333333333333,0.666666666666667,1,0.5,1,0.833333333333333,0,0.166666666666667,0.833333333333333,0.333333333333333,NA,NA,0.75,NA,NA,NA,0,0,0,0.166666666666667,0,0,0.25,0.333333333333333,0,0.166666666666667,NA,NA,0.0833333333333333,NA,NA,NA,0,0,0,0,0,0.166666666666667,0.0833333333333333,0.166666666666667,0.166666666666667,0,NA,NA,0,NA,NA,NA
"46",6,6,12,12,6,6,12,6,6,12,0,0,12,0,0,0,0,0,0,2,0,1,0,3,2,1,0,0,1,0,0,0,0,1,5,6,1,1,6,3,1,8,0,0,5,0,0,0,0.0625,0.0625,0.125,0.125,0.0625,0.0625,0.125,0.0625,0.0625,0.125,0,0,0.125,0,0,0,0,0,0,0.166666666666667,0,0.166666666666667,0,0.5,0.333333333333333,0.0833333333333333,NA,NA,0.0833333333333333,NA,NA,NA,0,0.166666666666667,0.416666666666667,0.5,0.166666666666667,0.166666666666667,0.5,0.5,0.166666666666667,0.666666666666667,NA,NA,0.416666666666667,NA,NA,NA,0,1,5,6,1,1,6,1,1,8,0,0,5,0,0,0,6,5,7,4,5,4,6,2,3,3,0,0,6,0,0,0,0,0,0,0,0,0,0,2,0,0,0,0,0,0,0,0,0,0,0,2,0,1,0,1,2,1,0,0,1,0,0,0,0,0.166666666666667,0.416666666666667,0.5,0.166666666666667,0.166666666666667,0.5,0.166666666666667,0.166666666666667,0.666666666666667,NA,NA,0.416666666666667,NA,NA,NA,1,0.833333333333333,0.583333333333333,0.333333333333333,0.833333333333333,0.666666666666667,0.5,0.333333333333333,0.5,0.25,NA,NA,0.5,NA,NA,NA,0,0,0,0,0,0,0,0.333333333333333,0,0,NA,NA,0,NA,NA,NA,0,0,0,0.166666666666667,0,0.166666666666667,0,0.166666666666667,0.333333333333333,0.0833333333333333,NA,NA,0.0833333333333333,NA,NA,NA
"47",6,6,6,12,6,6,12,0,6,12,0,0,12,0,0,0,0,0,0,0,0,1,0,0,1,2,0,0,2,0,0,0,0,0,1,6,2,1,6,0,0,10,0,0,5,0,0,0,0.0714285714285714,0.0714285714285714,0.0714285714285714,0.142857142857143,0.0714285714285714,0.0714285714285714,0.142857142857143,0,0.0714285714285714,0.142857142857143,0,0,0.142857142857143,0,0,0,0,0,0,0,0,0.166666666666667,0,NA,0.166666666666667,0.166666666666667,NA,NA,0.166666666666667,NA,NA,NA,0,0,0.166666666666667,0.5,0.333333333333333,0.166666666666667,0.5,NA,0,0.833333333333333,NA,NA,0.416666666666667,NA,NA,NA,0,0,1,6,2,1,6,0,0,9,0,0,5,0,0,0,6,6,5,6,4,4,6,0,5,1,0,0,5,0,0,0,0,0,0,0,0,0,0,0,0,1,0,0,0,0,0,0,0,0,0,0,0,1,0,0,1,1,0,0,2,0,0,0,0,0,0.166666666666667,0.5,0.333333333333333,0.166666666666667,0.5,NA,0,0.75,NA,NA,0.416666666666667,NA,NA,NA,1,1,0.833333333333333,0.5,0.666666666666667,0.666666666666667,0.5,NA,0.833333333333333,0.0833333333333333,NA,NA,0.416666666666667,NA,NA,NA,0,0,0,0,0,0,0,NA,0,0.0833333333333333,NA,NA,0,NA,NA,NA,0,0,0,0,0,0.166666666666667,0,NA,0.166666666666667,0.0833333333333333,NA,NA,0.166666666666667,NA,NA,NA
"48",6,6,12,0,6,6,0,0,6,12,0,0,12,0,0,0,1,0,1,0,0,0,0,0,1,1,0,0,4,0,0,0,2,0,6,0,0,0,0,0,1,6,0,0,8,0,0,0,0.0909090909090909,0.0909090909090909,0.181818181818182,0,0.0909090909090909,0.0909090909090909,0,0,0.0909090909090909,0.181818181818182,0,0,0.181818181818182,0,0,0,0.166666666666667,0,0.0833333333333333,NA,0,0,NA,NA,0.166666666666667,0.0833333333333333,NA,NA,0.333333333333333,NA,NA,NA,0.333333333333333,0,0.5,NA,0,0,NA,NA,0.166666666666667,0.5,NA,NA,0.666666666666667,NA,NA,NA,1,0,5,0,0,0,0,0,0,6,0,0,5,0,0,0,4,6,6,0,6,6,0,0,5,5,0,0,3,0,0,0,1,0,1,0,0,0,0,0,1,0,0,0,3,0,0,0,0,0,0,0,0,0,0,0,0,1,0,0,1,0,0,0,0.166666666666667,0,0.416666666666667,NA,0,0,NA,NA,0,0.5,NA,NA,0.416666666666667,NA,NA,NA,0.666666666666667,1,0.5,NA,1,1,NA,NA,0.833333333333333,0.416666666666667,NA,NA,0.25,NA,NA,NA,0.166666666666667,0,0.0833333333333333,NA,0,0,NA,NA,0.166666666666667,0,NA,NA,0.25,NA,NA,NA,0,0,0,NA,0,0,NA,NA,0,0.0833333333333333,NA,NA,0.0833333333333333,NA,NA,NA
"49",6,6,6,6,6,6,12,12,6,12,0,0,12,0,0,0,0,0,0,1,1,0,2,4,0,1,0,0,3,0,0,0,0,1,2,2,1,2,7,8,2,9,0,0,6,0,0,0,0.0666666666666667,0.0666666666666667,0.0666666666666667,0.0666666666666667,0.0666666666666667,0.0666666666666667,0.133333333333333,0.133333333333333,0.0666666666666667,0.133333333333333,0,0,0.133333333333333,0,0,0,0,0,0,0.166666666666667,0.166666666666667,0,0.166666666666667,0.333333333333333,0,0.0833333333333333,NA,NA,0.25,NA,NA,NA,0,0.166666666666667,0.333333333333333,0.333333333333333,0.166666666666667,0.333333333333333,0.583333333333333,0.666666666666667,0.333333333333333,0.75,NA,NA,0.5,NA,NA,NA,0,1,2,2,1,2,6,4,2,9,0,0,5,0,0,0,6,5,4,3,4,4,4,4,4,2,0,0,4,0,0,0,0,0,0,0,0,0,1,4,0,0,0,0,1,0,0,0,0,0,0,1,1,0,1,0,0,1,0,0,2,0,0,0,0,0.166666666666667,0.333333333333333,0.333333333333333,0.166666666666667,0.333333333333333,0.5,0.333333333333333,0.333333333333333,0.75,NA,NA,0.416666666666667,NA,NA,NA,1,0.833333333333333,0.666666666666667,0.5,0.666666666666667,0.666666666666667,0.333333333333333,0.333333333333333,0.666666666666667,0.166666666666667,NA,NA,0.333333333333333,NA,NA,NA,0,0,0,0,0,0,0.0833333333333333,0.333333333333333,0,0,NA,NA,0.0833333333333333,NA,NA,NA,0,0,0,0.166666666666667,0.166666666666667,0,0.0833333333333333,0,0,0.0833333333333333,NA,NA,0.166666666666667,NA,NA,NA
"50",6,6,12,12,6,12,0,6,12,6,0,0,12,0,0,0,0,0,0,2,0,3,0,4,1,3,0,0,2,0,0,0,0,1,5,2,0,4,0,1,4,5,0,0,3,0,0,0,0.0666666666666667,0.0666666666666667,0.133333333333333,0.133333333333333,0.0666666666666667,0.133333333333333,0,0.0666666666666667,0.133333333333333,0.0666666666666667,0,0,0.133333333333333,0,0,0,0,0,0,0.166666666666667,0,0.25,NA,0.666666666666667,0.0833333333333333,0.5,NA,NA,0.166666666666667,NA,NA,NA,0,0.166666666666667,0.416666666666667,0.166666666666667,0,0.333333333333333,NA,0.166666666666667,0.333333333333333,0.833333333333333,NA,NA,0.25,NA,NA,NA,0,1,5,1,0,4,0,0,4,2,0,0,2,0,0,0,6,5,7,9,6,5,0,2,7,1,0,0,8,0,0,0,0,0,0,1,0,0,0,1,0,3,0,0,1,0,0,0,0,0,0,1,0,3,0,3,1,0,0,0,1,0,0,0,0,0.166666666666667,0.416666666666667,0.0833333333333333,0,0.333333333333333,NA,0,0.333333333333333,0.333333333333333,NA,NA,0.166666666666667,NA,NA,NA,1,0.833333333333333,0.583333333333333,0.75,1,0.416666666666667,NA,0.333333333333333,0.583333333333333,0.166666666666667,NA,NA,0.666666666666667,NA,NA,NA,0,0,0,0.0833333333333333,0,0,NA,0.166666666666667,0,0.5,NA,NA,0.0833333333333333,NA,NA,NA,0,0,0,0.0833333333333333,0,0.25,NA,0.5,0.0833333333333333,0,NA,NA,0.0833333333333333,NA,NA,NA
"51",6,6,6,12,6,6,12,12,6,12,0,0,12,0,0,0,0,0,0,0,0,1,2,5,2,0,0,0,0,0,0,0,2,2,1,3,1,1,6,8,1,8,0,0,4,0,0,0,0.0625,0.0625,0.0625,0.125,0.0625,0.0625,0.125,0.125,0.0625,0.125,0,0,0.125,0,0,0,0,0,0,0,0,0.166666666666667,0.166666666666667,0.416666666666667,0.333333333333333,0,NA,NA,0,NA,NA,NA,0.333333333333333,0.333333333333333,0.166666666666667,0.25,0.166666666666667,0.166666666666667,0.5,0.666666666666667,0.166666666666667,0.666666666666667,NA,NA,0.333333333333333,NA,NA,NA,2,2,1,3,1,1,6,3,0,8,0,0,4,0,0,0,4,4,5,9,5,4,4,4,4,4,0,0,8,0,0,0,0,0,0,0,0,0,0,5,1,0,0,0,0,0,0,0,0,0,0,0,0,1,2,0,1,0,0,0,0,0,0,0,0.333333333333333,0.333333333333333,0.166666666666667,0.25,0.166666666666667,0.166666666666667,0.5,0.25,0,0.666666666666667,NA,NA,0.333333333333333,NA,NA,NA,0.666666666666667,0.666666666666667,0.833333333333333,0.75,0.833333333333333,0.666666666666667,0.333333333333333,0.333333333333333,0.666666666666667,0.333333333333333,NA,NA,0.666666666666667,NA,NA,NA,0,0,0,0,0,0,0,0.416666666666667,0.166666666666667,0,NA,NA,0,NA,NA,NA,0,0,0,0,0,0.166666666666667,0.166666666666667,0,0.166666666666667,0,NA,NA,0,NA,NA,NA
"52",6,6,6,12,6,12,12,12,6,12,0,0,12,0,0,0,0,0,0,2,0,2,2,1,2,4,0,0,4,0,0,0,0,0,2,4,0,5,12,9,1,9,0,0,7,0,0,0,0.0588235294117647,0.0588235294117647,0.0588235294117647,0.117647058823529,0.0588235294117647,0.117647058823529,0.117647058823529,0.117647058823529,0.0588235294117647,0.117647058823529,0,0,0.117647058823529,0,0,0,0,0,0,0.166666666666667,0,0.166666666666667,0.166666666666667,0.0833333333333333,0.333333333333333,0.333333333333333,NA,NA,0.333333333333333,NA,NA,NA,0,0,0.333333333333333,0.333333333333333,0,0.416666666666667,1,0.75,0.166666666666667,0.75,NA,NA,0.583333333333333,NA,NA,NA,0,0,2,3,0,5,10,8,0,6,0,0,4,0,0,0,6,6,4,7,6,5,0,3,4,2,0,0,4,0,0,0,0,0,0,1,0,0,2,1,1,3,0,0,3,0,0,0,0,0,0,1,0,2,0,0,1,1,0,0,1,0,0,0,0,0,0.333333333333333,0.25,0,0.416666666666667,0.833333333333333,0.666666666666667,0,0.5,NA,NA,0.333333333333333,NA,NA,NA,1,1,0.666666666666667,0.583333333333333,1,0.416666666666667,0,0.25,0.666666666666667,0.166666666666667,NA,NA,0.333333333333333,NA,NA,NA,0,0,0,0.0833333333333333,0,0,0.166666666666667,0.0833333333333333,0.166666666666667,0.25,NA,NA,0.25,NA,NA,NA,0,0,0,0.0833333333333333,0,0.166666666666667,0,0,0.166666666666667,0.0833333333333333,NA,NA,0.0833333333333333,NA,NA,NA
"53",6,6,12,12,6,12,12,6,12,12,12,0,12,0,0,0,1,0,0,0,1,2,0,5,0,1,5,0,2,0,0,0,1,1,5,5,2,4,5,4,3,9,6,0,8,0,0,0,0.05,0.05,0.1,0.1,0.05,0.1,0.1,0.05,0.1,0.1,0.1,0,0.1,0,0,0,0.166666666666667,0,0,0,0.166666666666667,0.166666666666667,0,0.833333333333333,0,0.0833333333333333,0.416666666666667,NA,0.166666666666667,NA,NA,NA,0.166666666666667,0.166666666666667,0.416666666666667,0.416666666666667,0.333333333333333,0.333333333333333,0.416666666666667,0.666666666666667,0.25,0.75,0.5,NA,0.666666666666667,NA,NA,NA,1,1,5,5,2,3,5,1,3,9,4,0,6,0,0,0,4,5,7,7,3,7,7,0,9,2,3,0,4,0,0,0,0,0,0,0,0,1,0,3,0,0,2,0,2,0,0,0,1,0,0,0,1,1,0,2,0,1,3,0,0,0,0,0,0.166666666666667,0.166666666666667,0.416666666666667,0.416666666666667,0.333333333333333,0.25,0.416666666666667,0.166666666666667,0.25,0.75,0.333333333333333,NA,0.5,NA,NA,NA,0.666666666666667,0.833333333333333,0.583333333333333,0.583333333333333,0.5,0.583333333333333,0.583333333333333,0,0.75,0.166666666666667,0.25,NA,0.333333333333333,NA,NA,NA,0,0,0,0,0,0.0833333333333333,0,0.5,0,0,0.166666666666667,NA,0.166666666666667,NA,NA,NA,0.166666666666667,0,0,0,0.166666666666667,0.0833333333333333,0,0.333333333333333,0,0.0833333333333333,0.25,NA,0,NA,NA,NA
"54",6,6,6,6,6,6,6,12,12,12,12,0,12,0,12,0,0,1,0,0,0,1,0,2,0,2,3,0,3,0,7,0,0,2,2,1,2,2,2,8,1,7,5,0,7,0,7,0,0.0526315789473684,0.0526315789473684,0.0526315789473684,0.0526315789473684,0.0526315789473684,0.0526315789473684,0.0526315789473684,0.105263157894737,0.105263157894737,0.105263157894737,0.105263157894737,0,0.105263157894737,0,0.105263157894737,0,0,0.166666666666667,0,0,0,0.166666666666667,0,0.166666666666667,0,0.166666666666667,0.25,NA,0.25,NA,0.583333333333333,NA,0,0.333333333333333,0.333333333333333,0.166666666666667,0.333333333333333,0.333333333333333,0.333333333333333,0.666666666666667,0.0833333333333333,0.583333333333333,0.416666666666667,NA,0.583333333333333,NA,0.583333333333333,NA,0,1,2,1,2,2,2,6,1,6,5,0,6,0,3,0,6,4,4,5,4,3,4,4,11,4,4,0,3,0,2,0,0,1,0,0,0,0,0,2,0,1,0,0,1,0,4,0,0,0,0,0,0,1,0,0,0,1,3,0,2,0,3,0,0,0.166666666666667,0.333333333333333,0.166666666666667,0.333333333333333,0.333333333333333,0.333333333333333,0.5,0.0833333333333333,0.5,0.416666666666667,NA,0.5,NA,0.25,NA,1,0.666666666666667,0.666666666666667,0.833333333333333,0.666666666666667,0.5,0.666666666666667,0.333333333333333,0.916666666666667,0.333333333333333,0.333333333333333,NA,0.25,NA,0.166666666666667,NA,0,0.166666666666667,0,0,0,0,0,0.166666666666667,0,0.0833333333333333,0,NA,0.0833333333333333,NA,0.333333333333333,NA,0,0,0,0,0,0.166666666666667,0,0,0,0.0833333333333333,0.25,NA,0.166666666666667,NA,0.25,NA
"55",6,6,12,12,6,6,6,6,12,12,12,0,6,0,0,0,1,1,0,1,1,1,2,3,1,3,1,0,3,0,0,0,0,1,5,6,2,2,1,5,3,7,7,0,2,0,0,0,0.0588235294117647,0.0588235294117647,0.117647058823529,0.117647058823529,0.0588235294117647,0.0588235294117647,0.0588235294117647,0.0588235294117647,0.117647058823529,0.117647058823529,0.117647058823529,0,0.0588235294117647,0,0,0,0.166666666666667,0.166666666666667,0,0.0833333333333333,0.166666666666667,0.166666666666667,0.333333333333333,0.5,0.0833333333333333,0.25,0.0833333333333333,NA,0.5,NA,NA,NA,0,0.166666666666667,0.416666666666667,0.5,0.333333333333333,0.333333333333333,0.166666666666667,0.833333333333333,0.25,0.583333333333333,0.583333333333333,NA,0.333333333333333,NA,NA,NA,0,1,5,6,1,1,1,2,3,7,6,0,2,0,0,0,5,4,7,5,4,4,3,1,8,2,5,0,1,0,0,0,0,0,0,0,1,1,0,3,0,0,1,0,0,0,0,0,1,1,0,1,0,0,2,0,1,3,0,0,3,0,0,0,0,0.166666666666667,0.416666666666667,0.5,0.166666666666667,0.166666666666667,0.166666666666667,0.333333333333333,0.25,0.583333333333333,0.5,NA,0.333333333333333,NA,NA,NA,0.833333333333333,0.666666666666667,0.583333333333333,0.416666666666667,0.666666666666667,0.666666666666667,0.5,0.166666666666667,0.666666666666667,0.166666666666667,0.416666666666667,NA,0.166666666666667,NA,NA,NA,0,0,0,0,0.166666666666667,0.166666666666667,0,0.5,0,0,0.0833333333333333,NA,0,NA,NA,NA,0.166666666666667,0.166666666666667,0,0.0833333333333333,0,0,0.333333333333333,0,0.0833333333333333,0.25,0,NA,0.5,NA,NA,NA
"56",6,6,6,6,6,6,12,12,12,12,0,0,12,0,0,0,1,0,0,2,0,0,1,4,1,2,0,0,2,0,0,0,0,0,2,2,1,1,9,8,4,9,0,0,4,0,0,0,0.0625,0.0625,0.0625,0.0625,0.0625,0.0625,0.125,0.125,0.125,0.125,0,0,0.125,0,0,0,0.166666666666667,0,0,0.333333333333333,0,0,0.0833333333333333,0.333333333333333,0.0833333333333333,0.166666666666667,NA,NA,0.166666666666667,NA,NA,NA,0,0,0.333333333333333,0.333333333333333,0.166666666666667,0.166666666666667,0.75,0.666666666666667,0.333333333333333,0.75,NA,NA,0.333333333333333,NA,NA,NA,0,0,2,1,1,1,8,5,3,7,0,0,4,0,0,0,5,6,4,3,5,5,3,3,8,3,0,0,6,0,0,0,0,0,0,1,0,0,1,3,1,2,0,0,0,0,0,0,1,0,0,1,0,0,0,1,0,0,0,0,2,0,0,0,0,0,0.333333333333333,0.166666666666667,0.166666666666667,0.166666666666667,0.666666666666667,0.416666666666667,0.25,0.583333333333333,NA,NA,0.333333333333333,NA,NA,NA,0.833333333333333,1,0.666666666666667,0.5,0.833333333333333,0.833333333333333,0.25,0.25,0.666666666666667,0.25,NA,NA,0.5,NA,NA,NA,0,0,0,0.166666666666667,0,0,0.0833333333333333,0.25,0.0833333333333333,0.166666666666667,NA,NA,0,NA,NA,NA,0.166666666666667,0,0,0.166666666666667,0,0,0,0.0833333333333333,0,0,NA,NA,0.166666666666667,NA,NA,NA
"57",12,6,6,12,6,12,12,0,6,12,0,0,12,0,0,0,1,0,0,2,0,3,2,0,1,2,0,0,0,0,0,0,5,1,2,7,1,4,6,0,1,7,0,0,5,0,0,0,0.125,0.0625,0.0625,0.125,0.0625,0.125,0.125,0,0.0625,0.125,0,0,0.125,0,0,0,0.0833333333333333,0,0,0.166666666666667,0,0.25,0.166666666666667,NA,0.166666666666667,0.166666666666667,NA,NA,0,NA,NA,NA,0.416666666666667,0.166666666666667,0.333333333333333,0.583333333333333,0.166666666666667,0.333333333333333,0.5,NA,0.166666666666667,0.583333333333333,NA,NA,0.416666666666667,NA,NA,NA,5,1,2,6,1,3,5,0,1,6,0,0,5,0,0,0,6,5,4,4,5,6,5,0,4,4,0,0,7,0,0,0,0,0,0,1,0,1,1,0,0,1,0,0,0,0,0,0,1,0,0,1,0,2,1,0,1,1,0,0,0,0,0,0,0.416666666666667,0.166666666666667,0.333333333333333,0.5,0.166666666666667,0.25,0.416666666666667,NA,0.166666666666667,0.5,NA,NA,0.416666666666667,NA,NA,NA,0.5,0.833333333333333,0.666666666666667,0.333333333333333,0.833333333333333,0.5,0.416666666666667,NA,0.666666666666667,0.333333333333333,NA,NA,0.583333333333333,NA,NA,NA,0,0,0,0.0833333333333333,0,0.0833333333333333,0.0833333333333333,NA,0,0.0833333333333333,NA,NA,0,NA,NA,NA,0.0833333333333333,0,0,0.0833333333333333,0,0.166666666666667,0.0833333333333333,NA,0.166666666666667,0.0833333333333333,NA,NA,0,NA,NA,NA
"58",6,6,6,12,6,12,12,0,12,12,0,0,12,0,0,0,0,1,0,1,0,2,1,0,2,2,0,0,5,0,0,0,0,0,1,8,2,3,7,0,3,7,0,0,6,0,0,0,0.0625,0.0625,0.0625,0.125,0.0625,0.125,0.125,0,0.125,0.125,0,0,0.125,0,0,0,0,0.166666666666667,0,0.0833333333333333,0,0.166666666666667,0.0833333333333333,NA,0.166666666666667,0.166666666666667,NA,NA,0.416666666666667,NA,NA,NA,0,0,0.166666666666667,0.666666666666667,0.333333333333333,0.25,0.583333333333333,NA,0.25,0.583333333333333,NA,NA,0.5,NA,NA,NA,0,0,1,8,2,3,7,0,2,5,0,0,4,0,0,0,6,5,5,3,4,7,4,0,8,5,0,0,3,0,0,0,0,0,0,0,0,0,0,0,1,2,0,0,2,0,0,0,0,1,0,1,0,2,1,0,1,0,0,0,3,0,0,0,0,0,0.166666666666667,0.666666666666667,0.333333333333333,0.25,0.583333333333333,NA,0.166666666666667,0.416666666666667,NA,NA,0.333333333333333,NA,NA,NA,1,0.833333333333333,0.833333333333333,0.25,0.666666666666667,0.583333333333333,0.333333333333333,NA,0.666666666666667,0.416666666666667,NA,NA,0.25,NA,NA,NA,0,0,0,0,0,0,0,NA,0.0833333333333333,0.166666666666667,NA,NA,0.166666666666667,NA,NA,NA,0,0.166666666666667,0,0.0833333333333333,0,0.166666666666667,0.0833333333333333,NA,0.0833333333333333,0,NA,NA,0.25,NA,NA,NA
"59",6,6,6,6,6,6,12,12,6,12,6,0,12,0,0,0,0,0,0,0,1,0,3,3,1,3,3,0,1,0,0,0,0,1,1,2,0,2,6,7,2,8,4,0,5,0,0,0,0.0625,0.0625,0.0625,0.0625,0.0625,0.0625,0.125,0.125,0.0625,0.125,0.0625,0,0.125,0,0,0,0,0,0,0,0.166666666666667,0,0.25,0.25,0.166666666666667,0.25,0.5,NA,0.0833333333333333,NA,NA,NA,0,0.166666666666667,0.166666666666667,0.333333333333333,0,0.333333333333333,0.5,0.583333333333333,0.333333333333333,0.666666666666667,0.666666666666667,NA,0.416666666666667,NA,NA,NA,0,1,1,2,0,2,5,4,2,6,2,0,4,0,0,0,6,5,5,4,5,4,4,5,3,3,1,0,7,0,0,0,0,0,0,0,0,0,1,3,0,2,2,0,1,0,0,0,0,0,0,0,1,0,2,0,1,1,1,0,0,0,0,0,0,0.166666666666667,0.166666666666667,0.333333333333333,0,0.333333333333333,0.416666666666667,0.333333333333333,0.333333333333333,0.5,0.333333333333333,NA,0.333333333333333,NA,NA,NA,1,0.833333333333333,0.833333333333333,0.666666666666667,0.833333333333333,0.666666666666667,0.333333333333333,0.416666666666667,0.5,0.25,0.166666666666667,NA,0.583333333333333,NA,NA,NA,0,0,0,0,0,0,0.0833333333333333,0.25,0,0.166666666666667,0.333333333333333,NA,0.0833333333333333,NA,NA,NA,0,0,0,0,0.166666666666667,0,0.166666666666667,0,0.166666666666667,0.0833333333333333,0.166666666666667,NA,0,NA,NA,NA
"60",6,6,12,0,6,6,0,0,6,12,0,0,12,0,0,0,1,0,3,0,0,0,0,0,1,0,0,0,1,0,0,0,1,2,7,0,1,0,0,0,1,11,0,0,8,0,0,0,0.0909090909090909,0.0909090909090909,0.181818181818182,0,0.0909090909090909,0.0909090909090909,0,0,0.0909090909090909,0.181818181818182,0,0,0.181818181818182,0,0,0,0.166666666666667,0,0.25,NA,0,0,NA,NA,0.166666666666667,0,NA,NA,0.0833333333333333,NA,NA,NA,0.166666666666667,0.333333333333333,0.583333333333333,NA,0.166666666666667,0,NA,NA,0.166666666666667,0.916666666666667,NA,NA,0.666666666666667,NA,NA,NA,1,2,4,0,1,0,0,0,1,11,0,0,7,0,0,0,4,4,5,0,5,6,0,0,4,1,0,0,4,0,0,0,0,0,3,0,0,0,0,0,0,0,0,0,1,0,0,0,1,0,0,0,0,0,0,0,1,0,0,0,0,0,0,0,0.166666666666667,0.333333333333333,0.333333333333333,NA,0.166666666666667,0,NA,NA,0.166666666666667,0.916666666666667,NA,NA,0.583333333333333,NA,NA,NA,0.666666666666667,0.666666666666667,0.416666666666667,NA,0.833333333333333,1,NA,NA,0.666666666666667,0.0833333333333333,NA,NA,0.333333333333333,NA,NA,NA,0,0,0.25,NA,0,0,NA,NA,0,0,NA,NA,0.0833333333333333,NA,NA,NA,0.166666666666667,0,0,NA,0,0,NA,NA,0.166666666666667,0,NA,NA,0,NA,NA,NA
"61",6,12,6,6,6,12,12,12,6,12,0,0,12,0,0,0,0,2,0,2,0,2,1,4,0,6,0,0,2,0,0,0,0,5,2,2,1,3,8,9,1,8,0,0,6,0,0,0,0.0588235294117647,0.117647058823529,0.0588235294117647,0.0588235294117647,0.0588235294117647,0.117647058823529,0.117647058823529,0.117647058823529,0.0588235294117647,0.117647058823529,0,0,0.117647058823529,0,0,0,0,0.166666666666667,0,0.333333333333333,0,0.166666666666667,0.0833333333333333,0.333333333333333,0,0.5,NA,NA,0.166666666666667,NA,NA,NA,0,0.416666666666667,0.333333333333333,0.333333333333333,0.166666666666667,0.25,0.666666666666667,0.75,0.166666666666667,0.666666666666667,NA,NA,0.5,NA,NA,NA,0,5,2,0,1,3,7,7,1,4,0,0,5,0,0,0,6,5,4,4,5,7,4,1,5,2,0,0,5,0,0,0,0,0,0,2,0,0,1,2,0,4,0,0,1,0,0,0,0,2,0,0,0,2,0,2,0,2,0,0,1,0,0,0,0,0.416666666666667,0.333333333333333,0,0.166666666666667,0.25,0.583333333333333,0.583333333333333,0.166666666666667,0.333333333333333,NA,NA,0.416666666666667,NA,NA,NA,1,0.416666666666667,0.666666666666667,0.666666666666667,0.833333333333333,0.583333333333333,0.333333333333333,0.0833333333333333,0.833333333333333,0.166666666666667,NA,NA,0.416666666666667,NA,NA,NA,0,0,0,0.333333333333333,0,0,0.0833333333333333,0.166666666666667,0,0.333333333333333,NA,NA,0.0833333333333333,NA,NA,NA,0,0.166666666666667,0,0,0,0.166666666666667,0,0.166666666666667,0,0.166666666666667,NA,NA,0.0833333333333333,NA,NA,NA
"62",6,6,12,6,6,6,12,12,6,12,0,0,12,0,0,0,0,1,0,1,0,0,2,3,0,1,0,0,1,0,0,0,1,2,5,2,1,2,8,7,1,7,0,0,6,0,0,0,0.0625,0.0625,0.125,0.0625,0.0625,0.0625,0.125,0.125,0.0625,0.125,0,0,0.125,0,0,0,0,0.166666666666667,0,0.166666666666667,0,0,0.166666666666667,0.25,0,0.0833333333333333,NA,NA,0.0833333333333333,NA,NA,NA,0.166666666666667,0.333333333333333,0.416666666666667,0.333333333333333,0.166666666666667,0.333333333333333,0.666666666666667,0.583333333333333,0.166666666666667,0.583333333333333,NA,NA,0.5,NA,NA,NA,1,1,5,2,1,2,7,5,1,7,0,0,6,0,0,0,5,4,7,3,5,4,3,4,5,4,0,0,5,0,0,0,0,1,0,0,0,0,1,2,0,0,0,0,0,0,0,0,0,0,0,1,0,0,1,1,0,1,0,0,1,0,0,0,0.166666666666667,0.166666666666667,0.416666666666667,0.333333333333333,0.166666666666667,0.333333333333333,0.583333333333333,0.416666666666667,0.166666666666667,0.583333333333333,NA,NA,0.5,NA,NA,NA,0.833333333333333,0.666666666666667,0.583333333333333,0.5,0.833333333333333,0.666666666666667,0.25,0.333333333333333,0.833333333333333,0.333333333333333,NA,NA,0.416666666666667,NA,NA,NA,0,0.166666666666667,0,0,0,0,0.0833333333333333,0.166666666666667,0,0,NA,NA,0,NA,NA,NA,0,0,0,0.166666666666667,0,0,0.0833333333333333,0.0833333333333333,0,0.0833333333333333,NA,NA,0.0833333333333333,NA,NA,NA
"63",6,6,6,12,6,6,12,0,6,12,0,0,12,0,0,0,0,1,0,2,0,0,0,0,2,1,0,0,2,0,0,0,0,1,2,6,1,2,6,0,0,7,0,0,7,0,0,0,0.0714285714285714,0.0714285714285714,0.0714285714285714,0.142857142857143,0.0714285714285714,0.0714285714285714,0.142857142857143,0,0.0714285714285714,0.142857142857143,0,0,0.142857142857143,0,0,0,0,0.166666666666667,0,0.166666666666667,0,0,0,NA,0.333333333333333,0.0833333333333333,NA,NA,0.166666666666667,NA,NA,NA,0,0.166666666666667,0.333333333333333,0.5,0.166666666666667,0.333333333333333,0.5,NA,0,0.583333333333333,NA,NA,0.583333333333333,NA,NA,NA,0,1,2,5,1,2,6,0,0,7,0,0,5,0,0,0,6,4,4,5,5,4,6,0,4,4,0,0,5,0,0,0,0,0,0,1,0,0,0,0,0,0,0,0,2,0,0,0,0,1,0,1,0,0,0,0,2,1,0,0,0,0,0,0,0,0.166666666666667,0.333333333333333,0.416666666666667,0.166666666666667,0.333333333333333,0.5,NA,0,0.583333333333333,NA,NA,0.416666666666667,NA,NA,NA,1,0.666666666666667,0.666666666666667,0.416666666666667,0.833333333333333,0.666666666666667,0.5,NA,0.666666666666667,0.333333333333333,NA,NA,0.416666666666667,NA,NA,NA,0,0,0,0.0833333333333333,0,0,0,NA,0,0,NA,NA,0.166666666666667,NA,NA,NA,0,0.166666666666667,0,0.0833333333333333,0,0,0,NA,0.333333333333333,0.0833333333333333,NA,NA,0,NA,NA,NA
"64",6,6,6,6,6,6,12,12,6,12,0,0,12,0,0,0,0,1,0,1,0,0,1,4,1,0,0,0,1,0,0,0,2,2,2,2,2,1,6,8,0,8,0,0,5,0,0,0,0.0666666666666667,0.0666666666666667,0.0666666666666667,0.0666666666666667,0.0666666666666667,0.0666666666666667,0.133333333333333,0.133333333333333,0.0666666666666667,0.133333333333333,0,0,0.133333333333333,0,0,0,0,0.166666666666667,0,0.166666666666667,0,0,0.0833333333333333,0.333333333333333,0.166666666666667,0,NA,NA,0.0833333333333333,NA,NA,NA,0.333333333333333,0.333333333333333,0.333333333333333,0.333333333333333,0.333333333333333,0.166666666666667,0.5,0.666666666666667,0,0.666666666666667,NA,NA,0.416666666666667,NA,NA,NA,2,2,2,2,2,1,5,4,0,8,0,0,5,0,0,0,4,3,4,3,4,5,6,4,5,4,0,0,6,0,0,0,0,0,0,0,0,0,1,4,0,0,0,0,0,0,0,0,0,1,0,1,0,0,0,0,1,0,0,0,1,0,0,0,0.333333333333333,0.333333333333333,0.333333333333333,0.333333333333333,0.333333333333333,0.166666666666667,0.416666666666667,0.333333333333333,0,0.666666666666667,NA,NA,0.416666666666667,NA,NA,NA,0.666666666666667,0.5,0.666666666666667,0.5,0.666666666666667,0.833333333333333,0.5,0.333333333333333,0.833333333333333,0.333333333333333,NA,NA,0.5,NA,NA,NA,0,0,0,0,0,0,0.0833333333333333,0.333333333333333,0,0,NA,NA,0,NA,NA,NA,0,0.166666666666667,0,0.166666666666667,0,0,0,0,0.166666666666667,0,NA,NA,0.0833333333333333,NA,NA,NA
"65",6,6,12,0,6,6,0,0,12,12,0,0,12,0,0,0,0,0,0,0,1,0,0,0,0,2,0,0,2,0,0,0,0,2,6,0,1,1,0,0,4,8,0,0,3,0,0,0,0.0833333333333333,0.0833333333333333,0.166666666666667,0,0.0833333333333333,0.0833333333333333,0,0,0.166666666666667,0.166666666666667,0,0,0.166666666666667,0,0,0,0,0,0,NA,0.166666666666667,0,NA,NA,0,0.166666666666667,NA,NA,0.166666666666667,NA,NA,NA,0,0.333333333333333,0.5,NA,0.166666666666667,0.166666666666667,NA,NA,0.333333333333333,0.666666666666667,NA,NA,0.25,NA,NA,NA,0,2,6,0,1,1,0,0,4,7,0,0,3,0,0,0,6,4,6,0,4,5,0,0,8,3,0,0,7,0,0,0,0,0,0,0,0,0,0,0,0,1,0,0,0,0,0,0,0,0,0,0,1,0,0,0,0,1,0,0,2,0,0,0,0,0.333333333333333,0.5,NA,0.166666666666667,0.166666666666667,NA,NA,0.333333333333333,0.583333333333333,NA,NA,0.25,NA,NA,NA,1,0.666666666666667,0.5,NA,0.666666666666667,0.833333333333333,NA,NA,0.666666666666667,0.25,NA,NA,0.583333333333333,NA,NA,NA,0,0,0,NA,0,0,NA,NA,0,0.0833333333333333,NA,NA,0,NA,NA,NA,0,0,0,NA,0.166666666666667,0,NA,NA,0,0.0833333333333333,NA,NA,0.166666666666667,NA,NA,NA
"66",6,6,12,6,6,6,0,0,12,12,0,0,12,0,0,0,0,0,0,3,0,0,0,0,2,2,0,0,3,0,0,0,1,2,4,3,1,0,0,0,2,7,0,0,4,0,0,0,0.0769230769230769,0.0769230769230769,0.153846153846154,0.0769230769230769,0.0769230769230769,0.0769230769230769,0,0,0.153846153846154,0.153846153846154,0,0,0.153846153846154,0,0,0,0,0,0,0.5,0,0,NA,NA,0.166666666666667,0.166666666666667,NA,NA,0.25,NA,NA,NA,0.166666666666667,0.333333333333333,0.333333333333333,0.5,0.166666666666667,0,NA,NA,0.166666666666667,0.583333333333333,NA,NA,0.333333333333333,NA,NA,NA,1,2,4,2,1,0,0,0,2,6,0,0,3,0,0,0,5,4,8,1,5,6,0,0,8,4,0,0,6,0,0,0,0,0,0,1,0,0,0,0,0,1,0,0,1,0,0,0,0,0,0,2,0,0,0,0,2,1,0,0,2,0,0,0,0.166666666666667,0.333333333333333,0.333333333333333,0.333333333333333,0.166666666666667,0,NA,NA,0.166666666666667,0.5,NA,NA,0.25,NA,NA,NA,0.833333333333333,0.666666666666667,0.666666666666667,0.166666666666667,0.833333333333333,1,NA,NA,0.666666666666667,0.333333333333333,NA,NA,0.5,NA,NA,NA,0,0,0,0.166666666666667,0,0,NA,NA,0,0.0833333333333333,NA,NA,0.0833333333333333,NA,NA,NA,0,0,0,0.333333333333333,0,0,NA,NA,0.166666666666667,0.0833333333333333,NA,NA,0.166666666666667,NA,NA,NA
"67",6,6,6,12,6,6,12,12,6,12,0,0,12,0,0,0,0,0,0,2,0,1,1,4,1,1,0,0,0,0,0,0,0,2,2,3,1,2,9,8,2,9,0,0,4,0,0,0,0.0625,0.0625,0.0625,0.125,0.0625,0.0625,0.125,0.125,0.0625,0.125,0,0,0.125,0,0,0,0,0,0,0.166666666666667,0,0.166666666666667,0.0833333333333333,0.333333333333333,0.166666666666667,0.0833333333333333,NA,NA,0,NA,NA,NA,0,0.333333333333333,0.333333333333333,0.25,0.166666666666667,0.333333333333333,0.75,0.666666666666667,0.333333333333333,0.75,NA,NA,0.333333333333333,NA,NA,NA,0,2,2,2,1,2,8,5,2,8,0,0,4,0,0,0,6,4,4,8,5,3,3,3,3,3,0,0,8,0,0,0,0,0,0,1,0,0,1,3,0,1,0,0,0,0,0,0,0,0,0,1,0,1,0,1,1,0,0,0,0,0,0,0,0,0.333333333333333,0.333333333333333,0.166666666666667,0.166666666666667,0.333333333333333,0.666666666666667,0.416666666666667,0.333333333333333,0.666666666666667,NA,NA,0.333333333333333,NA,NA,NA,1,0.666666666666667,0.666666666666667,0.666666666666667,0.833333333333333,0.5,0.25,0.25,0.5,0.25,NA,NA,0.666666666666667,NA,NA,NA,0,0,0,0.0833333333333333,0,0,0.0833333333333333,0.25,0,0.0833333333333333,NA,NA,0,NA,NA,NA,0,0,0,0.0833333333333333,0,0.166666666666667,0,0.0833333333333333,0.166666666666667,0,NA,NA,0,NA,NA,NA
"68",6,6,6,6,12,6,12,12,12,12,0,6,6,0,0,0,0,0,0,1,0,2,2,3,2,3,0,5,2,0,0,0,0,0,2,2,2,2,9,6,1,10,0,5,1,0,0,0,0.0588235294117647,0.0588235294117647,0.0588235294117647,0.0588235294117647,0.117647058823529,0.0588235294117647,0.117647058823529,0.117647058823529,0.117647058823529,0.117647058823529,0,0.0588235294117647,0.0588235294117647,0,0,0,0,0,0,0.166666666666667,0,0.333333333333333,0.166666666666667,0.25,0.166666666666667,0.25,NA,0.833333333333333,0.333333333333333,NA,NA,NA,0,0,0.333333333333333,0.333333333333333,0.166666666666667,0.333333333333333,0.75,0.5,0.0833333333333333,0.833333333333333,NA,0.833333333333333,0.166666666666667,NA,NA,NA,0,0,2,2,2,1,7,5,1,7,0,1,1,0,0,0,6,6,4,3,10,3,3,4,9,2,0,0,3,0,0,0,0,0,0,0,0,1,2,1,0,3,0,4,0,0,0,0,0,0,0,1,0,1,0,2,2,0,0,1,2,0,0,0,0,0,0.333333333333333,0.333333333333333,0.166666666666667,0.166666666666667,0.583333333333333,0.416666666666667,0.0833333333333333,0.583333333333333,NA,0.166666666666667,0.166666666666667,NA,NA,NA,1,1,0.666666666666667,0.5,0.833333333333333,0.5,0.25,0.333333333333333,0.75,0.166666666666667,NA,0,0.5,NA,NA,NA,0,0,0,0,0,0.166666666666667,0.166666666666667,0.0833333333333333,0,0.25,NA,0.666666666666667,0,NA,NA,NA,0,0,0,0.166666666666667,0,0.166666666666667,0,0.166666666666667,0.166666666666667,0,NA,0.166666666666667,0.333333333333333,NA,NA,NA
"69",6,6,6,12,6,12,12,0,12,0,12,0,6,0,0,0,0,1,1,2,0,0,1,0,3,0,4,0,1,0,0,0,1,1,0,7,0,6,5,0,2,0,7,0,1,0,0,0,0.0666666666666667,0.0666666666666667,0.0666666666666667,0.133333333333333,0.0666666666666667,0.133333333333333,0.133333333333333,0,0.133333333333333,0,0.133333333333333,0,0.0666666666666667,0,0,0,0,0.166666666666667,0.166666666666667,0.166666666666667,0,0,0.0833333333333333,NA,0.25,NA,0.333333333333333,NA,0.166666666666667,NA,NA,NA,0.166666666666667,0.166666666666667,0,0.583333333333333,0,0.5,0.416666666666667,NA,0.166666666666667,NA,0.583333333333333,NA,0.166666666666667,NA,NA,NA,1,1,0,6,0,6,5,0,2,0,6,0,1,0,0,0,5,4,5,4,6,6,6,0,7,0,2,0,4,0,0,0,0,0,0,1,0,0,0,0,0,0,1,0,0,0,0,0,0,1,1,1,0,0,1,0,3,0,3,0,1,0,0,0,0.166666666666667,0.166666666666667,0,0.5,0,0.5,0.416666666666667,NA,0.166666666666667,NA,0.5,NA,0.166666666666667,NA,NA,NA,0.833333333333333,0.666666666666667,0.833333333333333,0.333333333333333,1,0.5,0.5,NA,0.583333333333333,NA,0.166666666666667,NA,0.666666666666667,NA,NA,NA,0,0,0,0.0833333333333333,0,0,0,NA,0,NA,0.0833333333333333,NA,0,NA,NA,NA,0,0.166666666666667,0.166666666666667,0.0833333333333333,0,0,0.0833333333333333,NA,0.25,NA,0.25,NA,0.166666666666667,NA,NA,NA
"70",6,6,6,12,6,6,12,6,6,12,0,0,12,0,0,0,0,0,0,1,0,0,1,4,1,2,0,0,1,0,0,0,2,2,1,4,1,2,8,3,0,7,0,0,5,0,0,0,0.0666666666666667,0.0666666666666667,0.0666666666666667,0.133333333333333,0.0666666666666667,0.0666666666666667,0.133333333333333,0.0666666666666667,0.0666666666666667,0.133333333333333,0,0,0.133333333333333,0,0,0,0,0,0,0.0833333333333333,0,0,0.0833333333333333,0.666666666666667,0.166666666666667,0.166666666666667,NA,NA,0.0833333333333333,NA,NA,NA,0.333333333333333,0.333333333333333,0.166666666666667,0.333333333333333,0.166666666666667,0.333333333333333,0.666666666666667,0.5,0,0.583333333333333,NA,NA,0.416666666666667,NA,NA,NA,2,2,1,3,1,2,8,1,0,5,0,0,4,0,0,0,4,4,5,8,5,4,3,1,5,5,0,0,7,0,0,0,0,0,0,1,0,0,0,2,0,2,0,0,1,0,0,0,0,0,0,0,0,0,1,2,1,0,0,0,0,0,0,0,0.333333333333333,0.333333333333333,0.166666666666667,0.25,0.166666666666667,0.333333333333333,0.666666666666667,0.166666666666667,0,0.416666666666667,NA,NA,0.333333333333333,NA,NA,NA,0.666666666666667,0.666666666666667,0.833333333333333,0.666666666666667,0.833333333333333,0.666666666666667,0.25,0.166666666666667,0.833333333333333,0.416666666666667,NA,NA,0.583333333333333,NA,NA,NA,0,0,0,0.0833333333333333,0,0,0,0.333333333333333,0,0.166666666666667,NA,NA,0.0833333333333333,NA,NA,NA,0,0,0,0,0,0,0.0833333333333333,0.333333333333333,0.166666666666667,0,NA,NA,0,NA,NA,NA
"71",6,6,6,6,6,12,12,12,6,12,0,0,12,0,0,0,0,1,0,0,1,1,3,3,1,2,0,0,2,0,0,0,0,1,2,2,1,4,7,9,1,8,0,0,6,0,0,0,0.0625,0.0625,0.0625,0.0625,0.0625,0.125,0.125,0.125,0.0625,0.125,0,0,0.125,0,0,0,0,0.166666666666667,0,0,0.166666666666667,0.0833333333333333,0.25,0.25,0.166666666666667,0.166666666666667,NA,NA,0.166666666666667,NA,NA,NA,0,0.166666666666667,0.333333333333333,0.333333333333333,0.166666666666667,0.333333333333333,0.583333333333333,0.75,0.166666666666667,0.666666666666667,NA,NA,0.5,NA,NA,NA,0,1,2,2,1,4,5,8,1,6,0,0,5,0,0,0,6,4,4,4,4,7,4,1,4,4,0,0,5,0,0,0,0,0,0,0,0,0,2,1,0,2,0,0,1,0,0,0,0,1,0,0,1,1,1,2,1,0,0,0,1,0,0,0,0,0.166666666666667,0.333333333333333,0.333333333333333,0.166666666666667,0.333333333333333,0.416666666666667,0.666666666666667,0.166666666666667,0.5,NA,NA,0.416666666666667,NA,NA,NA,1,0.666666666666667,0.666666666666667,0.666666666666667,0.666666666666667,0.583333333333333,0.333333333333333,0.0833333333333333,0.666666666666667,0.333333333333333,NA,NA,0.416666666666667,NA,NA,NA,0,0,0,0,0,0,0.166666666666667,0.0833333333333333,0,0.166666666666667,NA,NA,0.0833333333333333,NA,NA,NA,0,0.166666666666667,0,0,0.166666666666667,0.0833333333333333,0.0833333333333333,0.166666666666667,0.166666666666667,0,NA,NA,0.0833333333333333,NA,NA,NA
"72",6,6,12,0,6,6,0,0,6,12,0,0,12,0,0,0,0,0,0,0,0,2,0,0,2,0,0,0,2,0,0,0,0,2,6,0,0,1,0,0,0,7,0,0,5,0,0,0,0.0909090909090909,0.0909090909090909,0.181818181818182,0,0.0909090909090909,0.0909090909090909,0,0,0.0909090909090909,0.181818181818182,0,0,0.181818181818182,0,0,0,0,0,0,NA,0,0.333333333333333,NA,NA,0.333333333333333,0,NA,NA,0.166666666666667,NA,NA,NA,0,0.333333333333333,0.5,NA,0,0.166666666666667,NA,NA,0,0.583333333333333,NA,NA,0.416666666666667,NA,NA,NA,0,2,6,0,0,0,0,0,0,7,0,0,4,0,0,0,6,4,6,0,6,4,0,0,4,5,0,0,6,0,0,0,0,0,0,0,0,1,0,0,0,0,0,0,1,0,0,0,0,0,0,0,0,1,0,0,2,0,0,0,1,0,0,0,0,0.333333333333333,0.5,NA,0,0,NA,NA,0,0.583333333333333,NA,NA,0.333333333333333,NA,NA,NA,1,0.666666666666667,0.5,NA,1,0.666666666666667,NA,NA,0.666666666666667,0.416666666666667,NA,NA,0.5,NA,NA,NA,0,0,0,NA,0,0.166666666666667,NA,NA,0,0,NA,NA,0.0833333333333333,NA,NA,NA,0,0,0,NA,0,0.166666666666667,NA,NA,0.333333333333333,0,NA,NA,0.0833333333333333,NA,NA,NA
"73",6,6,6,12,6,6,12,12,12,6,0,0,12,12,0,0,0,0,0,0,0,1,2,4,1,1,0,0,1,4,0,0,1,1,0,5,1,1,9,8,2,2,0,0,3,9,0,0,0.0555555555555556,0.0555555555555556,0.0555555555555556,0.111111111111111,0.0555555555555556,0.0555555555555556,0.111111111111111,0.111111111111111,0.111111111111111,0.0555555555555556,0,0,0.111111111111111,0.111111111111111,0,0,0,0,0,0,0,0.166666666666667,0.166666666666667,0.333333333333333,0.0833333333333333,0.166666666666667,NA,NA,0.0833333333333333,0.333333333333333,NA,NA,0.166666666666667,0.166666666666667,0,0.416666666666667,0.166666666666667,0.166666666666667,0.75,0.666666666666667,0.166666666666667,0.333333333333333,NA,NA,0.25,0.75,NA,NA,1,1,0,5,1,1,7,6,2,1,0,0,2,6,0,0,5,5,6,7,5,4,3,2,9,4,0,0,9,2,0,0,0,0,0,0,0,0,2,2,0,1,0,0,1,3,0,0,0,0,0,0,0,1,0,2,1,0,0,0,0,1,0,0,0.166666666666667,0.166666666666667,0,0.416666666666667,0.166666666666667,0.166666666666667,0.583333333333333,0.5,0.166666666666667,0.166666666666667,NA,NA,0.166666666666667,0.5,NA,NA,0.833333333333333,0.833333333333333,1,0.583333333333333,0.833333333333333,0.666666666666667,0.25,0.166666666666667,0.75,0.666666666666667,NA,NA,0.75,0.166666666666667,NA,NA,0,0,0,0,0,0,0.166666666666667,0.166666666666667,0,0.166666666666667,NA,NA,0.0833333333333333,0.25,NA,NA,0,0,0,0,0,0.166666666666667,0,0.166666666666667,0.0833333333333333,0,NA,NA,0,0.0833333333333333,NA,NA
"74",6,6,12,0,6,6,0,0,6,12,0,0,12,0,0,0,1,1,1,0,1,1,0,0,1,2,0,0,3,0,0,0,0,1,6,0,1,2,0,0,1,10,0,0,5,0,0,0,0.0909090909090909,0.0909090909090909,0.181818181818182,0,0.0909090909090909,0.0909090909090909,0,0,0.0909090909090909,0.181818181818182,0,0,0.181818181818182,0,0,0,0.166666666666667,0.166666666666667,0.0833333333333333,NA,0.166666666666667,0.166666666666667,NA,NA,0.166666666666667,0.166666666666667,NA,NA,0.25,NA,NA,NA,0,0.166666666666667,0.5,NA,0.166666666666667,0.333333333333333,NA,NA,0.166666666666667,0.833333333333333,NA,NA,0.416666666666667,NA,NA,NA,0,1,6,0,1,2,0,0,1,9,0,0,4,0,0,0,5,4,5,0,4,3,0,0,4,1,0,0,5,0,0,0,0,0,0,0,0,0,0,0,0,1,0,0,1,0,0,0,1,1,1,0,1,1,0,0,1,1,0,0,2,0,0,0,0,0.166666666666667,0.5,NA,0.166666666666667,0.333333333333333,NA,NA,0.166666666666667,0.75,NA,NA,0.333333333333333,NA,NA,NA,0.833333333333333,0.666666666666667,0.416666666666667,NA,0.666666666666667,0.5,NA,NA,0.666666666666667,0.0833333333333333,NA,NA,0.416666666666667,NA,NA,NA,0,0,0,NA,0,0,NA,NA,0,0.0833333333333333,NA,NA,0.0833333333333333,NA,NA,NA,0.166666666666667,0.166666666666667,0.0833333333333333,NA,0.166666666666667,0.166666666666667,NA,NA,0.166666666666667,0.0833333333333333,NA,NA,0.166666666666667,NA,NA,NA
"75",6,6,6,12,6,6,12,0,12,12,0,0,12,0,0,0,0,0,0,0,2,1,2,0,1,2,0,0,4,0,0,0,0,1,2,7,0,1,11,0,4,9,0,0,6,0,0,0,0.0666666666666667,0.0666666666666667,0.0666666666666667,0.133333333333333,0.0666666666666667,0.0666666666666667,0.133333333333333,0,0.133333333333333,0.133333333333333,0,0,0.133333333333333,0,0,0,0,0,0,0,0.333333333333333,0.166666666666667,0.166666666666667,NA,0.0833333333333333,0.166666666666667,NA,NA,0.333333333333333,NA,NA,NA,0,0.166666666666667,0.333333333333333,0.583333333333333,0,0.166666666666667,0.916666666666667,NA,0.333333333333333,0.75,NA,NA,0.5,NA,NA,NA,0,1,2,7,0,1,10,0,3,8,0,0,5,0,0,0,6,5,4,5,4,4,0,0,8,2,0,0,3,0,0,0,0,0,0,0,0,0,1,0,1,1,0,0,1,0,0,0,0,0,0,0,2,1,1,0,0,1,0,0,3,0,0,0,0,0.166666666666667,0.333333333333333,0.583333333333333,0,0.166666666666667,0.833333333333333,NA,0.25,0.666666666666667,NA,NA,0.416666666666667,NA,NA,NA,1,0.833333333333333,0.666666666666667,0.416666666666667,0.666666666666667,0.666666666666667,0,NA,0.666666666666667,0.166666666666667,NA,NA,0.25,NA,NA,NA,0,0,0,0,0,0,0.0833333333333333,NA,0.0833333333333333,0.0833333333333333,NA,NA,0.0833333333333333,NA,NA,NA,0,0,0,0,0.333333333333333,0.166666666666667,0.0833333333333333,NA,0,0.0833333333333333,NA,NA,0.25,NA,NA,NA
"76",6,6,6,6,12,6,12,12,12,12,0,0,12,0,0,0,0,0,0,0,0,2,1,1,1,1,0,0,3,0,0,0,1,1,0,2,4,1,7,8,2,8,0,0,2,0,0,0,0.0588235294117647,0.0588235294117647,0.0588235294117647,0.0588235294117647,0.117647058823529,0.0588235294117647,0.117647058823529,0.117647058823529,0.117647058823529,0.117647058823529,0,0,0.117647058823529,0,0,0,0,0,0,0,0,0.333333333333333,0.0833333333333333,0.0833333333333333,0.0833333333333333,0.0833333333333333,NA,NA,0.25,NA,NA,NA,0.166666666666667,0.166666666666667,0,0.333333333333333,0.333333333333333,0.166666666666667,0.583333333333333,0.666666666666667,0.166666666666667,0.666666666666667,NA,NA,0.166666666666667,NA,NA,NA,1,1,0,2,4,1,7,7,1,7,0,0,2,0,0,0,5,5,6,4,8,3,4,4,10,4,0,0,7,0,0,0,0,0,0,0,0,0,0,1,1,1,0,0,0,0,0,0,0,0,0,0,0,2,1,0,0,0,0,0,3,0,0,0,0.166666666666667,0.166666666666667,0,0.333333333333333,0.333333333333333,0.166666666666667,0.583333333333333,0.583333333333333,0.0833333333333333,0.583333333333333,NA,NA,0.166666666666667,NA,NA,NA,0.833333333333333,0.833333333333333,1,0.666666666666667,0.666666666666667,0.5,0.333333333333333,0.333333333333333,0.833333333333333,0.333333333333333,NA,NA,0.583333333333333,NA,NA,NA,0,0,0,0,0,0,0,0.0833333333333333,0.0833333333333333,0.0833333333333333,NA,NA,0,NA,NA,NA,0,0,0,0,0,0.333333333333333,0.0833333333333333,0,0,0,NA,NA,0.25,NA,NA,NA
"77",6,6,6,12,6,6,12,12,6,12,0,0,12,0,0,0,1,0,1,2,1,0,2,4,2,1,0,0,2,0,0,0,0,1,1,5,0,1,8,8,1,9,0,0,5,0,0,0,0.0625,0.0625,0.0625,0.125,0.0625,0.0625,0.125,0.125,0.0625,0.125,0,0,0.125,0,0,0,0.166666666666667,0,0.166666666666667,0.166666666666667,0.166666666666667,0,0.166666666666667,0.333333333333333,0.333333333333333,0.0833333333333333,NA,NA,0.166666666666667,NA,NA,NA,0,0.166666666666667,0.166666666666667,0.416666666666667,0,0.166666666666667,0.666666666666667,0.666666666666667,0.166666666666667,0.75,NA,NA,0.416666666666667,NA,NA,NA,0,1,1,4,0,1,8,5,0,8,0,0,5,0,0,0,5,5,4,6,5,5,2,3,4,3,0,0,5,0,0,0,0,0,0,1,0,0,0,3,1,1,0,0,0,0,0,0,1,0,1,1,1,0,2,1,1,0,0,0,2,0,0,0,0,0.166666666666667,0.166666666666667,0.333333333333333,0,0.166666666666667,0.666666666666667,0.416666666666667,0,0.666666666666667,NA,NA,0.416666666666667,NA,NA,NA,0.833333333333333,0.833333333333333,0.666666666666667,0.5,0.833333333333333,0.833333333333333,0.166666666666667,0.25,0.666666666666667,0.25,NA,NA,0.416666666666667,NA,NA,NA,0,0,0,0.0833333333333333,0,0,0,0.25,0.166666666666667,0.0833333333333333,NA,NA,0,NA,NA,NA,0.166666666666667,0,0.166666666666667,0.0833333333333333,0.166666666666667,0,0.166666666666667,0.0833333333333333,0.166666666666667,0,NA,NA,0.166666666666667,NA,NA,NA
"78",6,6,6,6,6,6,12,12,12,6,0,0,12,12,0,0,0,0,0,0,0,2,2,3,3,0,0,0,4,3,0,0,1,1,1,1,0,1,8,6,2,1,0,0,3,7,0,0,0.0588235294117647,0.0588235294117647,0.0588235294117647,0.0588235294117647,0.0588235294117647,0.0588235294117647,0.117647058823529,0.117647058823529,0.117647058823529,0.0588235294117647,0,0,0.117647058823529,0.117647058823529,0,0,0,0,0,0,0,0.333333333333333,0.166666666666667,0.25,0.25,0,NA,NA,0.333333333333333,0.25,NA,NA,0.166666666666667,0.166666666666667,0.166666666666667,0.166666666666667,0,0.166666666666667,0.666666666666667,0.5,0.166666666666667,0.166666666666667,NA,NA,0.25,0.583333333333333,NA,NA,1,1,1,1,0,1,6,5,2,1,0,0,2,4,0,0,5,5,5,5,6,3,4,4,7,5,0,0,6,5,0,0,0,0,0,0,0,0,2,1,0,0,0,0,1,3,0,0,0,0,0,0,0,2,0,2,3,0,0,0,3,0,0,0,0.166666666666667,0.166666666666667,0.166666666666667,0.166666666666667,0,0.166666666666667,0.5,0.416666666666667,0.166666666666667,0.166666666666667,NA,NA,0.166666666666667,0.333333333333333,NA,NA,0.833333333333333,0.833333333333333,0.833333333333333,0.833333333333333,1,0.5,0.333333333333333,0.333333333333333,0.583333333333333,0.833333333333333,NA,NA,0.5,0.416666666666667,NA,NA,0,0,0,0,0,0,0.166666666666667,0.0833333333333333,0,0,NA,NA,0.0833333333333333,0.25,NA,NA,0,0,0,0,0,0.333333333333333,0,0.166666666666667,0.25,0,NA,NA,0.25,0,NA,NA
"79",6,12,0,0,6,0,0,0,12,0,0,0,12,0,0,0,1,1,0,0,0,0,0,0,1,0,0,0,2,0,0,0,1,7,0,0,1,0,0,0,2,0,0,0,4,0,0,0,0.125,0.25,0,0,0.125,0,0,0,0.25,0,0,0,0.25,0,0,0,0.166666666666667,0.0833333333333333,NA,NA,0,NA,NA,NA,0.0833333333333333,NA,NA,NA,0.166666666666667,NA,NA,NA,0.166666666666667,0.583333333333333,NA,NA,0.166666666666667,NA,NA,NA,0.166666666666667,NA,NA,NA,0.333333333333333,NA,NA,NA,1,6,0,0,1,0,0,0,2,0,0,0,3,0,0,0,4,5,0,0,5,0,0,0,9,0,0,0,7,0,0,0,0,1,0,0,0,0,0,0,0,0,0,0,1,0,0,0,1,0,0,0,0,0,0,0,1,0,0,0,1,0,0,0,0.166666666666667,0.5,NA,NA,0.166666666666667,NA,NA,NA,0.166666666666667,NA,NA,NA,0.25,NA,NA,NA,0.666666666666667,0.416666666666667,NA,NA,0.833333333333333,NA,NA,NA,0.75,NA,NA,NA,0.583333333333333,NA,NA,NA,0,0.0833333333333333,NA,NA,0,NA,NA,NA,0,NA,NA,NA,0.0833333333333333,NA,NA,NA,0.166666666666667,0,NA,NA,0,NA,NA,NA,0.0833333333333333,NA,NA,NA,0.0833333333333333,NA,NA,NA
"80",6,6,12,0,6,12,0,0,6,0,0,0,12,0,0,0,0,1,0,0,1,6,0,0,0,0,0,0,3,0,0,0,0,1,6,0,0,2,0,0,1,0,0,0,5,0,0,0,0.1,0.1,0.2,0,0.1,0.2,0,0,0.1,0,0,0,0.2,0,0,0,0,0.166666666666667,0,NA,0.166666666666667,0.5,NA,NA,0,NA,NA,NA,0.25,NA,NA,NA,0,0.166666666666667,0.5,NA,0,0.166666666666667,NA,NA,0.166666666666667,NA,NA,NA,0.416666666666667,NA,NA,NA,0,1,6,0,0,1,0,0,1,0,0,0,4,0,0,0,6,4,6,0,5,5,0,0,5,0,0,0,5,0,0,0,0,0,0,0,0,1,0,0,0,0,0,0,1,0,0,0,0,1,0,0,1,5,0,0,0,0,0,0,2,0,0,0,0,0.166666666666667,0.5,NA,0,0.0833333333333333,NA,NA,0.166666666666667,NA,NA,NA,0.333333333333333,NA,NA,NA,1,0.666666666666667,0.5,NA,0.833333333333333,0.416666666666667,NA,NA,0.833333333333333,NA,NA,NA,0.416666666666667,NA,NA,NA,0,0,0,NA,0,0.0833333333333333,NA,NA,0,NA,NA,NA,0.0833333333333333,NA,NA,NA,0,0.166666666666667,0,NA,0.166666666666667,0.416666666666667,NA,NA,0,NA,NA,NA,0.166666666666667,NA,NA,NA
"81",6,6,12,6,6,6,12,12,6,12,0,6,12,0,0,0,0,0,1,0,0,1,2,3,1,3,0,3,2,0,0,0,1,0,4,2,0,1,7,4,1,7,0,4,7,0,0,0,0.0588235294117647,0.0588235294117647,0.117647058823529,0.0588235294117647,0.0588235294117647,0.0588235294117647,0.117647058823529,0.117647058823529,0.0588235294117647,0.117647058823529,0,0.0588235294117647,0.117647058823529,0,0,0,0,0,0.0833333333333333,0,0,0.166666666666667,0.166666666666667,0.25,0.166666666666667,0.25,NA,0.5,0.166666666666667,NA,NA,NA,0.166666666666667,0,0.333333333333333,0.333333333333333,0,0.166666666666667,0.583333333333333,0.333333333333333,0.166666666666667,0.583333333333333,NA,0.666666666666667,0.583333333333333,NA,NA,NA,1,0,3,2,0,1,6,3,0,4,0,2,6,0,0,0,5,6,8,4,6,4,4,6,5,5,0,1,4,0,0,0,0,0,1,0,0,0,1,1,1,3,0,2,1,0,0,0,0,0,0,0,0,1,1,2,0,0,0,1,1,0,0,0,0.166666666666667,0,0.25,0.333333333333333,0,0.166666666666667,0.5,0.25,0,0.333333333333333,NA,0.333333333333333,0.5,NA,NA,NA,0.833333333333333,1,0.666666666666667,0.666666666666667,1,0.666666666666667,0.333333333333333,0.5,0.833333333333333,0.416666666666667,NA,0.166666666666667,0.333333333333333,NA,NA,NA,0,0,0.0833333333333333,0,0,0,0.0833333333333333,0.0833333333333333,0.166666666666667,0.25,NA,0.333333333333333,0.0833333333333333,NA,NA,NA,0,0,0,0,0,0.166666666666667,0.0833333333333333,0.166666666666667,0,0,NA,0.166666666666667,0.0833333333333333,NA,NA,NA
"82",6,6,6,12,6,12,12,12,12,12,0,0,12,0,0,0,0,0,1,0,0,1,0,5,0,2,0,0,4,0,0,0,1,0,1,3,0,5,9,5,3,8,0,0,4,0,0,0,0.0555555555555556,0.0555555555555556,0.0555555555555556,0.111111111111111,0.0555555555555556,0.111111111111111,0.111111111111111,0.111111111111111,0.111111111111111,0.111111111111111,0,0,0.111111111111111,0,0,0,0,0,0.166666666666667,0,0,0.0833333333333333,0,0.416666666666667,0,0.166666666666667,NA,NA,0.333333333333333,NA,NA,NA,0.166666666666667,0,0.166666666666667,0.25,0,0.416666666666667,0.75,0.416666666666667,0.25,0.666666666666667,NA,NA,0.333333333333333,NA,NA,NA,1,0,0,3,0,5,9,3,3,7,0,0,4,0,0,0,5,6,5,9,6,6,3,4,9,3,0,0,4,0,0,0,0,0,1,0,0,0,0,2,0,1,0,0,0,0,0,0,0,0,0,0,0,1,0,3,0,1,0,0,4,0,0,0,0.166666666666667,0,0,0.25,0,0.416666666666667,0.75,0.25,0.25,0.583333333333333,NA,NA,0.333333333333333,NA,NA,NA,0.833333333333333,1,0.833333333333333,0.75,1,0.5,0.25,0.333333333333333,0.75,0.25,NA,NA,0.333333333333333,NA,NA,NA,0,0,0.166666666666667,0,0,0,0,0.166666666666667,0,0.0833333333333333,NA,NA,0,NA,NA,NA,0,0,0,0,0,0.0833333333333333,0,0.25,0,0.0833333333333333,NA,NA,0.333333333333333,NA,NA,NA
"83",6,6,12,12,6,6,12,12,12,12,0,0,12,0,0,0,0,1,0,2,0,0,3,6,0,1,0,0,2,0,0,0,1,2,5,4,2,1,7,7,4,7,0,0,5,0,0,0,0.0555555555555556,0.0555555555555556,0.111111111111111,0.111111111111111,0.0555555555555556,0.0555555555555556,0.111111111111111,0.111111111111111,0.111111111111111,0.111111111111111,0,0,0.111111111111111,0,0,0,0,0.166666666666667,0,0.166666666666667,0,0,0.25,0.5,0,0.0833333333333333,NA,NA,0.166666666666667,NA,NA,NA,0.166666666666667,0.333333333333333,0.416666666666667,0.333333333333333,0.333333333333333,0.166666666666667,0.583333333333333,0.583333333333333,0.333333333333333,0.583333333333333,NA,NA,0.416666666666667,NA,NA,NA,1,1,5,3,2,1,5,2,4,7,0,0,4,0,0,0,5,4,7,7,4,5,4,4,8,4,0,0,6,0,0,0,0,1,0,1,0,0,2,5,0,0,0,0,1,0,0,0,0,0,0,1,0,0,1,1,0,1,0,0,1,0,0,0,0.166666666666667,0.166666666666667,0.416666666666667,0.25,0.333333333333333,0.166666666666667,0.416666666666667,0.166666666666667,0.333333333333333,0.583333333333333,NA,NA,0.333333333333333,NA,NA,NA,0.833333333333333,0.666666666666667,0.583333333333333,0.583333333333333,0.666666666666667,0.833333333333333,0.333333333333333,0.333333333333333,0.666666666666667,0.333333333333333,NA,NA,0.5,NA,NA,NA,0,0.166666666666667,0,0.0833333333333333,0,0,0.166666666666667,0.416666666666667,0,0,NA,NA,0.0833333333333333,NA,NA,NA,0,0,0,0.0833333333333333,0,0,0.0833333333333333,0.0833333333333333,0,0.0833333333333333,NA,NA,0.0833333333333333,NA,NA,NA
"84",6,6,6,12,12,12,12,12,6,12,0,0,12,0,0,0,1,1,0,3,1,1,1,5,1,2,0,0,1,0,0,0,1,1,1,3,5,3,10,8,0,10,0,0,2,0,0,0,0.0555555555555556,0.0555555555555556,0.0555555555555556,0.111111111111111,0.111111111111111,0.111111111111111,0.111111111111111,0.111111111111111,0.0555555555555556,0.111111111111111,0,0,0.111111111111111,0,0,0,0.166666666666667,0.166666666666667,0,0.25,0.0833333333333333,0.0833333333333333,0.0833333333333333,0.416666666666667,0.166666666666667,0.166666666666667,NA,NA,0.0833333333333333,NA,NA,NA,0.166666666666667,0.166666666666667,0.166666666666667,0.25,0.416666666666667,0.25,0.833333333333333,0.666666666666667,0,0.833333333333333,NA,NA,0.166666666666667,NA,NA,NA,1,1,1,3,5,3,9,5,0,9,0,0,2,0,0,0,4,4,5,6,6,8,2,2,5,1,0,0,9,0,0,0,0,0,0,0,0,0,1,3,0,1,0,0,0,0,0,0,1,1,0,3,1,1,0,2,1,1,0,0,1,0,0,0,0.166666666666667,0.166666666666667,0.166666666666667,0.25,0.416666666666667,0.25,0.75,0.416666666666667,0,0.75,NA,NA,0.166666666666667,NA,NA,NA,0.666666666666667,0.666666666666667,0.833333333333333,0.5,0.5,0.666666666666667,0.166666666666667,0.166666666666667,0.833333333333333,0.0833333333333333,NA,NA,0.75,NA,NA,NA,0,0,0,0,0,0,0.0833333333333333,0.25,0,0.0833333333333333,NA,NA,0,NA,NA,NA,0.166666666666667,0.166666666666667,0,0.25,0.0833333333333333,0.0833333333333333,0,0.166666666666667,0.166666666666667,0.0833333333333333,NA,NA,0.0833333333333333,NA,NA,NA
"85",6,6,6,12,6,12,12,6,6,0,0,0,12,0,0,0,0,0,0,0,0,0,1,4,2,0,0,0,2,0,0,0,0,2,1,1,1,6,9,3,1,0,0,0,6,0,0,0,0.0714285714285714,0.0714285714285714,0.0714285714285714,0.142857142857143,0.0714285714285714,0.142857142857143,0.142857142857143,0.0714285714285714,0.0714285714285714,0,0,0,0.142857142857143,0,0,0,0,0,0,0,0,0,0.0833333333333333,0.666666666666667,0.333333333333333,NA,NA,NA,0.166666666666667,NA,NA,NA,0,0.333333333333333,0.166666666666667,0.0833333333333333,0.166666666666667,0.5,0.75,0.5,0.166666666666667,NA,NA,NA,0.5,NA,NA,NA,0,2,1,1,1,6,8,1,1,0,0,0,6,0,0,0,6,4,5,11,5,6,3,1,3,0,0,0,4,0,0,0,0,0,0,0,0,0,1,2,0,0,0,0,0,0,0,0,0,0,0,0,0,0,0,2,2,0,0,0,2,0,0,0,0,0.333333333333333,0.166666666666667,0.0833333333333333,0.166666666666667,0.5,0.666666666666667,0.166666666666667,0.166666666666667,NA,NA,NA,0.5,NA,NA,NA,1,0.666666666666667,0.833333333333333,0.916666666666667,0.833333333333333,0.5,0.25,0.166666666666667,0.5,NA,NA,NA,0.333333333333333,NA,NA,NA,0,0,0,0,0,0,0.0833333333333333,0.333333333333333,0,NA,NA,NA,0,NA,NA,NA,0,0,0,0,0,0,0,0.333333333333333,0.333333333333333,NA,NA,NA,0.166666666666667,NA,NA,NA
"86",6,6,6,12,12,12,12,0,6,6,0,0,0,0,0,0,0,0,0,0,0,0,2,0,3,4,0,0,0,0,0,0,1,1,2,6,4,4,9,0,2,4,0,0,0,0,0,0,0.0769230769230769,0.0769230769230769,0.0769230769230769,0.153846153846154,0.153846153846154,0.153846153846154,0.153846153846154,0,0.0769230769230769,0.0769230769230769,0,0,0,0,0,0,0,0,0,0,0,0,0.166666666666667,NA,0.5,0.666666666666667,NA,NA,NA,NA,NA,NA,0.166666666666667,0.166666666666667,0.333333333333333,0.5,0.333333333333333,0.333333333333333,0.75,NA,0.333333333333333,0.666666666666667,NA,NA,NA,NA,NA,NA,1,1,2,6,4,4,7,0,2,2,0,0,0,0,0,0,5,5,4,6,8,8,3,0,1,0,0,0,0,0,0,0,0,0,0,0,0,0,2,0,0,2,0,0,0,0,0,0,0,0,0,0,0,0,0,0,3,2,0,0,0,0,0,0,0.166666666666667,0.166666666666667,0.333333333333333,0.5,0.333333333333333,0.333333333333333,0.583333333333333,NA,0.333333333333333,0.333333333333333,NA,NA,NA,NA,NA,NA,0.833333333333333,0.833333333333333,0.666666666666667,0.5,0.666666666666667,0.666666666666667,0.25,NA,0.166666666666667,0,NA,NA,NA,NA,NA,NA,0,0,0,0,0,0,0.166666666666667,NA,0,0.333333333333333,NA,NA,NA,NA,NA,NA,0,0,0,0,0,0,0,NA,0.5,0.333333333333333,NA,NA,NA,NA,NA,NA
"87",6,6,6,12,6,12,12,6,6,0,0,0,12,0,0,0,0,0,0,2,1,0,2,3,0,0,0,0,2,0,0,0,0,1,1,5,0,7,9,2,2,0,0,0,6,0,0,0,0.0714285714285714,0.0714285714285714,0.0714285714285714,0.142857142857143,0.0714285714285714,0.142857142857143,0.142857142857143,0.0714285714285714,0.0714285714285714,0,0,0,0.142857142857143,0,0,0,0,0,0,0.166666666666667,0.166666666666667,0,0.166666666666667,0.5,0,NA,NA,NA,0.166666666666667,NA,NA,NA,0,0.166666666666667,0.166666666666667,0.416666666666667,0,0.583333333333333,0.75,0.333333333333333,0.333333333333333,NA,NA,NA,0.5,NA,NA,NA,0,1,1,4,0,7,7,1,2,0,0,0,5,0,0,0,6,5,5,6,5,5,3,2,4,0,0,0,5,0,0,0,0,0,0,1,0,0,2,1,0,0,0,0,1,0,0,0,0,0,0,1,1,0,0,2,0,0,0,0,1,0,0,0,0,0.166666666666667,0.166666666666667,0.333333333333333,0,0.583333333333333,0.583333333333333,0.166666666666667,0.333333333333333,NA,NA,NA,0.416666666666667,NA,NA,NA,1,0.833333333333333,0.833333333333333,0.5,0.833333333333333,0.416666666666667,0.25,0.333333333333333,0.666666666666667,NA,NA,NA,0.416666666666667,NA,NA,NA,0,0,0,0.0833333333333333,0,0,0.166666666666667,0.166666666666667,0,NA,NA,NA,0.0833333333333333,NA,NA,NA,0,0,0,0.0833333333333333,0.166666666666667,0,0,0.333333333333333,0,NA,NA,NA,0.0833333333333333,NA,NA,NA
"88",6,6,6,12,6,6,12,12,6,12,6,0,12,0,0,0,0,0,0,0,0,0,2,3,1,2,3,0,1,0,0,0,1,1,2,5,1,1,7,12,1,8,4,0,3,0,0,0,0.0588235294117647,0.0588235294117647,0.0588235294117647,0.117647058823529,0.0588235294117647,0.0588235294117647,0.117647058823529,0.117647058823529,0.0588235294117647,0.117647058823529,0.0588235294117647,0,0.117647058823529,0,0,0,0,0,0,0,0,0,0.166666666666667,0.25,0.166666666666667,0.166666666666667,0.5,NA,0.0833333333333333,NA,NA,NA,0.166666666666667,0.166666666666667,0.333333333333333,0.416666666666667,0.166666666666667,0.166666666666667,0.583333333333333,1,0.166666666666667,0.666666666666667,0.666666666666667,NA,0.25,NA,NA,NA,1,1,2,5,1,1,7,9,1,7,2,0,3,0,0,0,5,5,4,7,5,5,3,0,4,3,1,0,8,0,0,0,0,0,0,0,0,0,0,3,0,1,2,0,0,0,0,0,0,0,0,0,0,0,2,0,1,1,1,0,1,0,0,0,0.166666666666667,0.166666666666667,0.333333333333333,0.416666666666667,0.166666666666667,0.166666666666667,0.583333333333333,0.75,0.166666666666667,0.583333333333333,0.333333333333333,NA,0.25,NA,NA,NA,0.833333333333333,0.833333333333333,0.666666666666667,0.583333333333333,0.833333333333333,0.833333333333333,0.25,0,0.666666666666667,0.25,0.166666666666667,NA,0.666666666666667,NA,NA,NA,0,0,0,0,0,0,0,0.25,0,0.0833333333333333,0.333333333333333,NA,0,NA,NA,NA,0,0,0,0,0,0,0.166666666666667,0,0.166666666666667,0.0833333333333333,0.166666666666667,NA,0.0833333333333333,NA,NA,NA
"89",6,6,6,12,6,6,6,6,6,12,12,0,12,0,0,0,0,0,0,3,1,2,0,3,0,2,4,0,2,0,0,0,0,2,2,3,2,0,2,3,1,8,6,0,5,0,0,0,0.0625,0.0625,0.0625,0.125,0.0625,0.0625,0.0625,0.0625,0.0625,0.125,0.125,0,0.125,0,0,0,0,0,0,0.25,0.166666666666667,0.333333333333333,0,0.5,0,0.166666666666667,0.333333333333333,NA,0.166666666666667,NA,NA,NA,0,0.333333333333333,0.333333333333333,0.25,0.333333333333333,0,0.333333333333333,0.5,0.166666666666667,0.666666666666667,0.5,NA,0.416666666666667,NA,NA,NA,0,2,2,2,1,0,2,1,1,7,5,0,4,0,0,0,6,4,4,7,4,4,4,2,5,3,3,0,6,0,0,0,0,0,0,1,1,0,0,2,0,1,1,0,1,0,0,0,0,0,0,2,0,2,0,1,0,1,3,0,1,0,0,0,0,0.333333333333333,0.333333333333333,0.166666666666667,0.166666666666667,0,0.333333333333333,0.166666666666667,0.166666666666667,0.583333333333333,0.416666666666667,NA,0.333333333333333,NA,NA,NA,1,0.666666666666667,0.666666666666667,0.583333333333333,0.666666666666667,0.666666666666667,0.666666666666667,0.333333333333333,0.833333333333333,0.25,0.25,NA,0.5,NA,NA,NA,0,0,0,0.0833333333333333,0.166666666666667,0,0,0.333333333333333,0,0.0833333333333333,0.0833333333333333,NA,0.0833333333333333,NA,NA,NA,0,0,0,0.166666666666667,0,0.333333333333333,0,0.166666666666667,0,0.0833333333333333,0.25,NA,0.0833333333333333,NA,NA,NA
"90",6,6,12,6,6,6,12,12,6,12,0,0,12,0,0,0,0,0,0,0,0,0,0,3,1,2,0,0,0,0,0,0,0,1,3,2,0,1,6,8,2,9,0,0,4,0,0,0,0.0625,0.0625,0.125,0.0625,0.0625,0.0625,0.125,0.125,0.0625,0.125,0,0,0.125,0,0,0,0,0,0,0,0,0,0,0.25,0.166666666666667,0.166666666666667,NA,NA,0,NA,NA,NA,0,0.166666666666667,0.25,0.333333333333333,0,0.166666666666667,0.5,0.666666666666667,0.333333333333333,0.75,NA,NA,0.333333333333333,NA,NA,NA,0,1,3,2,0,1,6,6,1,8,0,0,4,0,0,0,6,5,9,4,6,5,6,3,4,2,0,0,8,0,0,0,0,0,0,0,0,0,0,2,1,1,0,0,0,0,0,0,0,0,0,0,0,0,0,1,0,1,0,0,0,0,0,0,0,0.166666666666667,0.25,0.333333333333333,0,0.166666666666667,0.5,0.5,0.166666666666667,0.666666666666667,NA,NA,0.333333333333333,NA,NA,NA,1,0.833333333333333,0.75,0.666666666666667,1,0.833333333333333,0.5,0.25,0.666666666666667,0.166666666666667,NA,NA,0.666666666666667,NA,NA,NA,0,0,0,0,0,0,0,0.166666666666667,0.166666666666667,0.0833333333333333,NA,NA,0,NA,NA,NA,0,0,0,0,0,0,0,0.0833333333333333,0,0.0833333333333333,NA,NA,0,NA,NA,NA
"91",6,6,6,12,6,6,12,0,12,12,0,0,6,0,0,0,0,0,0,3,1,1,1,0,3,2,0,0,2,0,0,0,0,0,2,6,0,2,9,0,5,9,0,0,2,0,0,0,0.0714285714285714,0.0714285714285714,0.0714285714285714,0.142857142857143,0.0714285714285714,0.0714285714285714,0.142857142857143,0,0.142857142857143,0.142857142857143,0,0,0.0714285714285714,0,0,0,0,0,0,0.25,0.166666666666667,0.166666666666667,0.0833333333333333,NA,0.25,0.166666666666667,NA,NA,0.333333333333333,NA,NA,NA,0,0,0.333333333333333,0.5,0,0.333333333333333,0.75,NA,0.416666666666667,0.75,NA,NA,0.333333333333333,NA,NA,NA,0,0,2,4,0,2,8,0,4,8,0,0,1,0,0,0,6,6,4,5,5,3,3,0,5,2,0,0,3,0,0,0,0,0,0,2,0,0,1,0,1,1,0,0,1,0,0,0,0,0,0,1,1,1,0,0,2,1,0,0,1,0,0,0,0,0,0.333333333333333,0.333333333333333,0,0.333333333333333,0.666666666666667,NA,0.333333333333333,0.666666666666667,NA,NA,0.166666666666667,NA,NA,NA,1,1,0.666666666666667,0.416666666666667,0.833333333333333,0.5,0.25,NA,0.416666666666667,0.166666666666667,NA,NA,0.5,NA,NA,NA,0,0,0,0.166666666666667,0,0,0.0833333333333333,NA,0.0833333333333333,0.0833333333333333,NA,NA,0.166666666666667,NA,NA,NA,0,0,0,0.0833333333333333,0.166666666666667,0.166666666666667,0,NA,0.166666666666667,0.0833333333333333,NA,NA,0.166666666666667,NA,NA,NA
"92",6,6,6,12,6,6,12,12,6,12,6,0,12,0,0,0,0,0,0,0,0,1,2,4,1,1,4,0,3,0,0,0,0,1,2,5,1,1,6,8,2,7,3,0,6,0,0,0,0.0588235294117647,0.0588235294117647,0.0588235294117647,0.117647058823529,0.0588235294117647,0.0588235294117647,0.117647058823529,0.117647058823529,0.0588235294117647,0.117647058823529,0.0588235294117647,0,0.117647058823529,0,0,0,0,0,0,0,0,0.166666666666667,0.166666666666667,0.333333333333333,0.166666666666667,0.0833333333333333,0.666666666666667,NA,0.25,NA,NA,NA,0,0.166666666666667,0.333333333333333,0.416666666666667,0.166666666666667,0.166666666666667,0.5,0.666666666666667,0.333333333333333,0.583333333333333,0.5,NA,0.5,NA,NA,NA,0,1,2,5,1,1,5,5,1,6,1,0,5,0,0,0,6,5,4,7,5,4,5,3,4,5,1,0,4,0,0,0,0,0,0,0,0,0,1,3,1,1,2,0,1,0,0,0,0,0,0,0,0,1,1,1,0,0,2,0,2,0,0,0,0,0.166666666666667,0.333333333333333,0.416666666666667,0.166666666666667,0.166666666666667,0.416666666666667,0.416666666666667,0.166666666666667,0.5,0.166666666666667,NA,0.416666666666667,NA,NA,NA,1,0.833333333333333,0.666666666666667,0.583333333333333,0.833333333333333,0.666666666666667,0.416666666666667,0.25,0.666666666666667,0.416666666666667,0.166666666666667,NA,0.333333333333333,NA,NA,NA,0,0,0,0,0,0,0.0833333333333333,0.25,0.166666666666667,0.0833333333333333,0.333333333333333,NA,0.0833333333333333,NA,NA,NA,0,0,0,0,0,0.166666666666667,0.0833333333333333,0.0833333333333333,0,0,0.333333333333333,NA,0.166666666666667,NA,NA,NA
"93",6,6,6,12,6,12,12,12,6,0,0,6,12,0,0,0,0,0,0,1,0,3,0,3,0,0,0,3,1,0,0,0,0,0,2,4,1,6,6,7,0,0,0,3,5,0,0,0,0.0625,0.0625,0.0625,0.125,0.0625,0.125,0.125,0.125,0.0625,0,0,0.0625,0.125,0,0,0,0,0,0,0.0833333333333333,0,0.25,0,0.25,0,NA,NA,0.5,0.0833333333333333,NA,NA,NA,0,0,0.333333333333333,0.333333333333333,0.166666666666667,0.5,0.5,0.583333333333333,0,NA,NA,0.5,0.416666666666667,NA,NA,NA,0,0,2,4,1,6,6,5,0,0,0,1,4,0,0,0,6,6,4,7,5,3,6,4,6,0,0,2,7,0,0,0,0,0,0,0,0,0,0,2,0,0,0,2,1,0,0,0,0,0,0,1,0,3,0,1,0,0,0,1,0,0,0,0,0,0,0.333333333333333,0.333333333333333,0.166666666666667,0.5,0.5,0.416666666666667,0,NA,NA,0.166666666666667,0.333333333333333,NA,NA,NA,1,1,0.666666666666667,0.583333333333333,0.833333333333333,0.25,0.5,0.333333333333333,1,NA,NA,0.333333333333333,0.583333333333333,NA,NA,NA,0,0,0,0,0,0,0,0.166666666666667,0,NA,NA,0.333333333333333,0.0833333333333333,NA,NA,NA,0,0,0,0.0833333333333333,0,0.25,0,0.0833333333333333,0,NA,NA,0.166666666666667,0,NA,NA,NA
"94",6,6,6,6,6,6,12,12,6,12,0,0,12,0,0,0,0,0,0,0,0,0,1,3,1,1,0,0,2,0,0,0,1,1,2,1,1,1,7,9,1,7,0,0,6,0,0,0,0.0666666666666667,0.0666666666666667,0.0666666666666667,0.0666666666666667,0.0666666666666667,0.0666666666666667,0.133333333333333,0.133333333333333,0.0666666666666667,0.133333333333333,0,0,0.133333333333333,0,0,0,0,0,0,0,0,0,0.0833333333333333,0.25,0.166666666666667,0.0833333333333333,NA,NA,0.166666666666667,NA,NA,NA,0.166666666666667,0.166666666666667,0.333333333333333,0.166666666666667,0.166666666666667,0.166666666666667,0.583333333333333,0.75,0.166666666666667,0.583333333333333,NA,NA,0.5,NA,NA,NA,1,1,2,1,1,1,6,6,1,6,0,0,6,0,0,0,5,5,4,5,5,5,5,3,4,5,0,0,4,0,0,0,0,0,0,0,0,0,1,3,0,1,0,0,0,0,0,0,0,0,0,0,0,0,0,0,1,0,0,0,2,0,0,0,0.166666666666667,0.166666666666667,0.333333333333333,0.166666666666667,0.166666666666667,0.166666666666667,0.5,0.5,0.166666666666667,0.5,NA,NA,0.5,NA,NA,NA,0.833333333333333,0.833333333333333,0.666666666666667,0.833333333333333,0.833333333333333,0.833333333333333,0.416666666666667,0.25,0.666666666666667,0.416666666666667,NA,NA,0.333333333333333,NA,NA,NA,0,0,0,0,0,0,0.0833333333333333,0.25,0,0.0833333333333333,NA,NA,0,NA,NA,NA,0,0,0,0,0,0,0,0,0.166666666666667,0,NA,NA,0.166666666666667,NA,NA,NA
"95",6,6,6,12,6,6,12,12,6,12,0,0,12,12,0,0,0,0,0,1,1,1,0,5,0,2,0,0,1,6,0,0,0,0,2,5,2,1,9,8,0,4,0,0,2,8,0,0,0.0555555555555556,0.0555555555555556,0.0555555555555556,0.111111111111111,0.0555555555555556,0.0555555555555556,0.111111111111111,0.111111111111111,0.0555555555555556,0.111111111111111,0,0,0.111111111111111,0.111111111111111,0,0,0,0,0,0.0833333333333333,0.166666666666667,0.166666666666667,0,0.416666666666667,0,0.166666666666667,NA,NA,0.0833333333333333,0.5,NA,NA,0,0,0.333333333333333,0.416666666666667,0.333333333333333,0.166666666666667,0.75,0.666666666666667,0,0.333333333333333,NA,NA,0.166666666666667,0.666666666666667,NA,NA,0,0,2,5,2,0,9,4,0,2,0,0,2,3,0,0,6,6,4,6,3,5,3,3,6,8,0,0,9,3,0,0,0,0,0,0,0,1,0,4,0,2,0,0,0,5,0,0,0,0,0,1,1,0,0,1,0,0,0,0,1,1,0,0,0,0,0.333333333333333,0.416666666666667,0.333333333333333,0,0.75,0.333333333333333,0,0.166666666666667,NA,NA,0.166666666666667,0.25,NA,NA,1,1,0.666666666666667,0.5,0.5,0.833333333333333,0.25,0.25,1,0.666666666666667,NA,NA,0.75,0.25,NA,NA,0,0,0,0,0,0.166666666666667,0,0.333333333333333,0,0.166666666666667,NA,NA,0,0.416666666666667,NA,NA,0,0,0,0.0833333333333333,0.166666666666667,0,0,0.0833333333333333,0,0,NA,NA,0.0833333333333333,0.0833333333333333,NA,NA
"96",6,6,6,6,6,6,12,12,6,12,0,0,12,0,0,0,0,1,0,0,0,0,2,4,2,1,0,0,0,0,0,0,0,1,1,1,1,1,11,8,1,10,0,0,5,0,0,0,0.0666666666666667,0.0666666666666667,0.0666666666666667,0.0666666666666667,0.0666666666666667,0.0666666666666667,0.133333333333333,0.133333333333333,0.0666666666666667,0.133333333333333,0,0,0.133333333333333,0,0,0,0,0.166666666666667,0,0,0,0,0.166666666666667,0.333333333333333,0.333333333333333,0.0833333333333333,NA,NA,0,NA,NA,NA,0,0.166666666666667,0.166666666666667,0.166666666666667,0.166666666666667,0.166666666666667,0.916666666666667,0.666666666666667,0.166666666666667,0.833333333333333,NA,NA,0.416666666666667,NA,NA,NA,0,0,1,1,1,1,10,4,0,9,0,0,5,0,0,0,6,5,5,5,5,5,0,4,4,2,0,0,7,0,0,0,0,1,0,0,0,0,1,4,1,1,0,0,0,0,0,0,0,0,0,0,0,0,1,0,1,0,0,0,0,0,0,0,0,0,0.166666666666667,0.166666666666667,0.166666666666667,0.166666666666667,0.833333333333333,0.333333333333333,0,0.75,NA,NA,0.416666666666667,NA,NA,NA,1,0.833333333333333,0.833333333333333,0.833333333333333,0.833333333333333,0.833333333333333,0,0.333333333333333,0.666666666666667,0.166666666666667,NA,NA,0.583333333333333,NA,NA,NA,0,0.166666666666667,0,0,0,0,0.0833333333333333,0.333333333333333,0.166666666666667,0.0833333333333333,NA,NA,0,NA,NA,NA,0,0,0,0,0,0,0.0833333333333333,0,0.166666666666667,0,NA,NA,0,NA,NA,NA
"97",6,6,12,0,6,6,0,0,6,6,0,0,12,12,0,0,0,0,0,0,1,0,0,0,1,1,0,0,1,3,0,0,1,2,6,0,1,1,0,0,0,0,0,0,4,7,0,0,0.0833333333333333,0.0833333333333333,0.166666666666667,0,0.0833333333333333,0.0833333333333333,0,0,0.0833333333333333,0.0833333333333333,0,0,0.166666666666667,0.166666666666667,0,0,0,0,0,NA,0.166666666666667,0,NA,NA,0.166666666666667,0.166666666666667,NA,NA,0.0833333333333333,0.25,NA,NA,0.166666666666667,0.333333333333333,0.5,NA,0.166666666666667,0.166666666666667,NA,NA,0,0,NA,NA,0.333333333333333,0.583333333333333,NA,NA,1,2,6,0,1,1,0,0,0,0,0,0,4,6,0,0,5,4,6,0,4,5,0,0,5,5,0,0,7,3,0,0,0,0,0,0,0,0,0,0,0,0,0,0,0,1,0,0,0,0,0,0,1,0,0,0,1,1,0,0,1,2,0,0,0.166666666666667,0.333333333333333,0.5,NA,0.166666666666667,0.166666666666667,NA,NA,0,0,NA,NA,0.333333333333333,0.5,NA,NA,0.833333333333333,0.666666666666667,0.5,NA,0.666666666666667,0.833333333333333,NA,NA,0.833333333333333,0.833333333333333,NA,NA,0.583333333333333,0.25,NA,NA,0,0,0,NA,0,0,NA,NA,0,0,NA,NA,0,0.0833333333333333,NA,NA,0,0,0,NA,0.166666666666667,0,NA,NA,0.166666666666667,0.166666666666667,NA,NA,0.0833333333333333,0.166666666666667,NA,NA
"98",6,6,6,12,12,12,6,0,6,12,12,0,12,0,6,0,0,0,0,1,2,0,1,0,0,1,4,0,3,0,5,0,1,2,2,8,5,3,2,0,0,6,5,0,4,0,2,0,0.0555555555555556,0.0555555555555556,0.0555555555555556,0.111111111111111,0.111111111111111,0.111111111111111,0.0555555555555556,0,0.0555555555555556,0.111111111111111,0.111111111111111,0,0.111111111111111,0,0.0555555555555556,0,0,0,0,0.0833333333333333,0.166666666666667,0,0.166666666666667,NA,0,0.0833333333333333,0.333333333333333,NA,0.25,NA,0.833333333333333,NA,0.166666666666667,0.333333333333333,0.333333333333333,0.666666666666667,0.416666666666667,0.25,0.333333333333333,NA,0,0.5,0.416666666666667,NA,0.333333333333333,NA,0.333333333333333,NA,1,2,2,7,5,3,2,0,0,6,3,0,4,0,0,0,5,4,4,4,5,9,3,0,6,5,5,0,5,0,1,0,0,0,0,1,0,0,0,0,0,0,2,0,0,0,2,0,0,0,0,0,2,0,1,0,0,1,2,0,3,0,3,0,0.166666666666667,0.333333333333333,0.333333333333333,0.583333333333333,0.416666666666667,0.25,0.333333333333333,NA,0,0.5,0.25,NA,0.333333333333333,NA,0,NA,0.833333333333333,0.666666666666667,0.666666666666667,0.333333333333333,0.416666666666667,0.75,0.5,NA,1,0.416666666666667,0.416666666666667,NA,0.416666666666667,NA,0.166666666666667,NA,0,0,0,0.0833333333333333,0,0,0,NA,0,0,0.166666666666667,NA,0,NA,0.333333333333333,NA,0,0,0,0,0.166666666666667,0,0.166666666666667,NA,0,0.0833333333333333,0.166666666666667,NA,0.25,NA,0.5,NA
"99",6,6,12,6,6,6,12,12,6,12,0,0,12,0,0,0,0,1,1,0,0,1,0,3,1,3,0,0,0,0,0,0,0,1,4,1,1,2,8,8,2,7,0,0,3,0,0,0,0.0625,0.0625,0.125,0.0625,0.0625,0.0625,0.125,0.125,0.0625,0.125,0,0,0.125,0,0,0,0,0.166666666666667,0.0833333333333333,0,0,0.166666666666667,0,0.25,0.166666666666667,0.25,NA,NA,0,NA,NA,NA,0,0.166666666666667,0.333333333333333,0.166666666666667,0.166666666666667,0.333333333333333,0.666666666666667,0.666666666666667,0.333333333333333,0.583333333333333,NA,NA,0.25,NA,NA,NA,0,0,4,1,1,2,8,5,1,6,0,0,3,0,0,0,6,5,7,5,5,3,4,4,4,3,0,0,9,0,0,0,0,1,0,0,0,0,0,3,1,1,0,0,0,0,0,0,0,0,1,0,0,1,0,0,0,2,0,0,0,0,0,0,0,0,0.333333333333333,0.166666666666667,0.166666666666667,0.333333333333333,0.666666666666667,0.416666666666667,0.166666666666667,0.5,NA,NA,0.25,NA,NA,NA,1,0.833333333333333,0.583333333333333,0.833333333333333,0.833333333333333,0.5,0.333333333333333,0.333333333333333,0.666666666666667,0.25,NA,NA,0.75,NA,NA,NA,0,0.166666666666667,0,0,0,0,0,0.25,0.166666666666667,0.0833333333333333,NA,NA,0,NA,NA,NA,0,0,0.0833333333333333,0,0,0.166666666666667,0,0,0,0.166666666666667,NA,NA,0,NA,NA,NA
"100",6,6,6,12,6,6,12,12,12,12,0,0,12,0,0,0,0,0,0,1,0,0,2,6,1,1,0,0,2,0,0,0,0,0,2,4,1,2,6,9,3,7,0,0,5,0,0,0,0.0588235294117647,0.0588235294117647,0.0588235294117647,0.117647058823529,0.0588235294117647,0.0588235294117647,0.117647058823529,0.117647058823529,0.117647058823529,0.117647058823529,0,0,0.117647058823529,0,0,0,0,0,0,0.0833333333333333,0,0,0.166666666666667,0.5,0.0833333333333333,0.0833333333333333,NA,NA,0.166666666666667,NA,NA,NA,0,0,0.333333333333333,0.333333333333333,0.166666666666667,0.333333333333333,0.5,0.75,0.25,0.583333333333333,NA,NA,0.416666666666667,NA,NA,NA,0,0,2,3,1,2,6,4,3,7,0,0,5,0,0,0,6,6,4,8,5,4,4,2,8,4,0,0,5,0,0,0,0,0,0,1,0,0,0,5,0,0,0,0,0,0,0,0,0,0,0,0,0,0,2,1,1,1,0,0,2,0,0,0,0,0,0.333333333333333,0.25,0.166666666666667,0.333333333333333,0.5,0.333333333333333,0.25,0.583333333333333,NA,NA,0.416666666666667,NA,NA,NA,1,1,0.666666666666667,0.666666666666667,0.833333333333333,0.666666666666667,0.333333333333333,0.166666666666667,0.666666666666667,0.333333333333333,NA,NA,0.416666666666667,NA,NA,NA,0,0,0,0.0833333333333333,0,0,0,0.416666666666667,0,0,NA,NA,0,NA,NA,NA,0,0,0,0,0,0,0.166666666666667,0.0833333333333333,0.0833333333333333,0.0833333333333333,NA,NA,0.166666666666667,NA,NA,NA
"101",6,6,6,12,6,6,12,12,12,12,0,0,0,0,0,0,0,0,0,1,0,1,0,4,1,2,0,0,0,0,0,0,0,0,2,4,0,2,6,6,7,10,0,0,0,0,0,0,0.0666666666666667,0.0666666666666667,0.0666666666666667,0.133333333333333,0.0666666666666667,0.0666666666666667,0.133333333333333,0.133333333333333,0.133333333333333,0.133333333333333,0,0,0,0,0,0,0,0,0,0.0833333333333333,0,0.166666666666667,0,0.333333333333333,0.0833333333333333,0.166666666666667,NA,NA,NA,NA,NA,NA,0,0,0.333333333333333,0.333333333333333,0,0.333333333333333,0.5,0.5,0.583333333333333,0.833333333333333,NA,NA,NA,NA,NA,NA,0,0,2,4,0,2,6,4,7,8,0,0,0,0,0,0,6,6,4,7,6,3,6,4,4,2,0,0,0,0,0,0,0,0,0,0,0,0,0,2,0,2,0,0,0,0,0,0,0,0,0,1,0,1,0,2,1,0,0,0,0,0,0,0,0,0,0.333333333333333,0.333333333333333,0,0.333333333333333,0.5,0.333333333333333,0.583333333333333,0.666666666666667,NA,NA,NA,NA,NA,NA,1,1,0.666666666666667,0.583333333333333,1,0.5,0.5,0.333333333333333,0.333333333333333,0.166666666666667,NA,NA,NA,NA,NA,NA,0,0,0,0,0,0,0,0.166666666666667,0,0.166666666666667,NA,NA,NA,NA,NA,NA,0,0,0,0.0833333333333333,0,0.166666666666667,0,0.166666666666667,0.0833333333333333,0,NA,NA,NA,NA,NA,NA
"102",6,6,6,12,6,12,12,0,12,6,0,0,12,0,0,0,0,0,1,1,0,3,1,0,0,4,0,0,2,0,0,0,1,1,2,6,1,4,9,0,3,3,0,0,4,0,0,0,0.0666666666666667,0.0666666666666667,0.0666666666666667,0.133333333333333,0.0666666666666667,0.133333333333333,0.133333333333333,0,0.133333333333333,0.0666666666666667,0,0,0.133333333333333,0,0,0,0,0,0.166666666666667,0.0833333333333333,0,0.25,0.0833333333333333,NA,0,0.666666666666667,NA,NA,0.166666666666667,NA,NA,NA,0.166666666666667,0.166666666666667,0.333333333333333,0.5,0.166666666666667,0.333333333333333,0.75,NA,0.25,0.5,NA,NA,0.333333333333333,NA,NA,NA,1,1,2,6,1,2,9,0,3,1,0,0,4,0,0,0,5,5,3,5,5,7,2,0,9,1,0,0,6,0,0,0,0,0,0,0,0,2,0,0,0,2,0,0,0,0,0,0,0,0,1,1,0,1,1,0,0,2,0,0,2,0,0,0,0.166666666666667,0.166666666666667,0.333333333333333,0.5,0.166666666666667,0.166666666666667,0.75,NA,0.25,0.166666666666667,NA,NA,0.333333333333333,NA,NA,NA,0.833333333333333,0.833333333333333,0.5,0.416666666666667,0.833333333333333,0.583333333333333,0.166666666666667,NA,0.75,0.166666666666667,NA,NA,0.5,NA,NA,NA,0,0,0,0,0,0.166666666666667,0,NA,0,0.333333333333333,NA,NA,0,NA,NA,NA,0,0,0.166666666666667,0.0833333333333333,0,0.0833333333333333,0.0833333333333333,NA,0,0.333333333333333,NA,NA,0.166666666666667,NA,NA,NA
